# refraction=1, step 0, on-axis |x|<5 d_e
# z/d_e   P_abs [W/m^3]   n_e/n_cr
-1.9975000e+02  0.0000000e+00  1.3121572e+00
-1.9925000e+02  0.0000000e+00  1.5002316e+00
-1.9875000e+02  0.0000000e+00  1.4996734e+00
-1.9825000e+02  0.0000000e+00  1.4994438e+00
-1.9775000e+02  0.0000000e+00  1.5000648e+00
-1.9725000e+02  0.0000000e+00  1.4995887e+00
-1.9675000e+02  0.0000000e+00  1.5001616e+00
-1.9625000e+02  0.0000000e+00  1.4994407e+00
-1.9575000e+02  0.0000000e+00  1.4999862e+00
-1.9525000e+02  0.0000000e+00  1.4995939e+00
-1.9475000e+02  0.0000000e+00  1.4995425e+00
-1.9425000e+02  0.0000000e+00  1.4999683e+00
-1.9375000e+02  0.0000000e+00  1.4998959e+00
-1.9325000e+02  0.0000000e+00  1.4999104e+00
-1.9275000e+02  0.0000000e+00  1.4998968e+00
-1.9225000e+02  0.0000000e+00  1.4993390e+00
-1.9175000e+02  0.0000000e+00  1.4998896e+00
-1.9125000e+02  0.0000000e+00  1.4999822e+00
-1.9075000e+02  0.0000000e+00  1.4995135e+00
-1.9025000e+02  0.0000000e+00  1.4995645e+00
-1.8975000e+02  0.0000000e+00  1.5000152e+00
-1.8925000e+02  0.0000000e+00  1.4998798e+00
-1.8875000e+02  0.0000000e+00  1.4996932e+00
-1.8825000e+02  0.0000000e+00  1.4998120e+00
-1.8775000e+02  0.0000000e+00  1.4995402e+00
-1.8725000e+02  0.0000000e+00  1.5001705e+00
-1.8675000e+02  0.0000000e+00  1.4995835e+00
-1.8625000e+02  0.0000000e+00  1.4997029e+00
-1.8575000e+02  0.0000000e+00  1.4998469e+00
-1.8525000e+02  0.0000000e+00  1.4998334e+00
-1.8475000e+02  0.0000000e+00  1.4995028e+00
-1.8425000e+02  0.0000000e+00  1.4997809e+00
-1.8375000e+02  0.0000000e+00  1.4999942e+00
-1.8325000e+02  0.0000000e+00  1.4995812e+00
-1.8275000e+02  0.0000000e+00  1.5000797e+00
-1.8225000e+02  0.0000000e+00  1.4996643e+00
-1.8175000e+02  0.0000000e+00  1.4996906e+00
-1.8125000e+02  0.0000000e+00  1.4996993e+00
-1.8075000e+02  0.0000000e+00  1.4996921e+00
-1.8025000e+02  0.0000000e+00  1.4999507e+00
-1.7975000e+02  0.0000000e+00  1.4996958e+00
-1.7925000e+02  0.0000000e+00  1.4997904e+00
-1.7875000e+02  0.0000000e+00  1.4996380e+00
-1.7825000e+02  0.0000000e+00  1.4997852e+00
-1.7775000e+02  0.0000000e+00  1.5000654e+00
-1.7725000e+02  0.0000000e+00  1.4995614e+00
-1.7675000e+02  0.0000000e+00  1.4998464e+00
-1.7625000e+02  0.0000000e+00  1.4995277e+00
-1.7575000e+02  0.0000000e+00  1.4998837e+00
-1.7525000e+02  0.0000000e+00  1.4997979e+00
-1.7475000e+02  0.0000000e+00  1.4998641e+00
-1.7425000e+02  0.0000000e+00  1.4998780e+00
-1.7375000e+02  0.0000000e+00  1.4995513e+00
-1.7325000e+02  0.0000000e+00  1.4997990e+00
-1.7275000e+02  0.0000000e+00  1.4999761e+00
-1.7225000e+02  0.0000000e+00  1.4994841e+00
-1.7175000e+02  0.0000000e+00  1.4998245e+00
-1.7125000e+02  0.0000000e+00  1.4999754e+00
-1.7075000e+02  0.0000000e+00  1.4994520e+00
-1.7025000e+02  0.0000000e+00  1.4998266e+00
-1.6975000e+02  0.0000000e+00  1.4998812e+00
-1.6925000e+02  0.0000000e+00  1.4998359e+00
-1.6875000e+02  0.0000000e+00  1.4996307e+00
-1.6825000e+02  0.0000000e+00  1.4998645e+00
-1.6775000e+02  0.0000000e+00  1.4999147e+00
-1.6725000e+02  0.0000000e+00  1.4993973e+00
-1.6675000e+02  0.0000000e+00  1.4998341e+00
-1.6625000e+02  0.0000000e+00  1.4999174e+00
-1.6575000e+02  0.0000000e+00  1.4995292e+00
-1.6525000e+02  0.0000000e+00  1.4999118e+00
-1.6475000e+02  0.0000000e+00  1.4997081e+00
-1.6425000e+02  0.0000000e+00  1.4996851e+00
-1.6375000e+02  0.0000000e+00  1.4997641e+00
-1.6325000e+02  0.0000000e+00  1.4999119e+00
-1.6275000e+02  0.0000000e+00  1.4997792e+00
-1.6225000e+02  0.0000000e+00  1.4999550e+00
-1.6175000e+02  0.0000000e+00  1.4993490e+00
-1.6125000e+02  0.0000000e+00  1.4998657e+00
-1.6075000e+02  0.0000000e+00  1.5000819e+00
-1.6025000e+02  0.0000000e+00  1.4998676e+00
-1.5975000e+02  0.0000000e+00  1.4996385e+00
-1.5925000e+02  0.0000000e+00  1.4999325e+00
-1.5875000e+02  0.0000000e+00  1.5000556e+00
-1.5825000e+02  0.0000000e+00  1.4994908e+00
-1.5775000e+02  0.0000000e+00  1.4999270e+00
-1.5725000e+02  0.0000000e+00  1.4994114e+00
-1.5675000e+02  0.0000000e+00  1.4996527e+00
-1.5625000e+02  0.0000000e+00  1.5000513e+00
-1.5575000e+02  0.0000000e+00  1.4998370e+00
-1.5525000e+02  0.0000000e+00  1.4998179e+00
-1.5475000e+02  0.0000000e+00  1.4994829e+00
-1.5425000e+02  0.0000000e+00  1.4999249e+00
-1.5375000e+02  0.0000000e+00  1.4997467e+00
-1.5325000e+02  0.0000000e+00  1.4997419e+00
-1.5275000e+02  0.0000000e+00  1.4997748e+00
-1.5225000e+02  0.0000000e+00  1.4997173e+00
-1.5175000e+02  0.0000000e+00  1.4998202e+00
-1.5125000e+02  0.0000000e+00  1.4995120e+00
-1.5075000e+02  0.0000000e+00  1.4998151e+00
-1.5025000e+02  0.0000000e+00  1.4997268e+00
-1.4975000e+02  0.0000000e+00  1.5000336e+00
-1.4925000e+02  0.0000000e+00  1.4997462e+00
-1.4875000e+02  0.0000000e+00  1.4997957e+00
-1.4825000e+02  0.0000000e+00  1.4994957e+00
-1.4775000e+02  0.0000000e+00  1.5002981e+00
-1.4725000e+02  0.0000000e+00  1.4992930e+00
-1.4675000e+02  0.0000000e+00  1.4998542e+00
-1.4625000e+02  0.0000000e+00  1.5004076e+00
-1.4575000e+02  0.0000000e+00  1.4993294e+00
-1.4525000e+02  0.0000000e+00  1.4995762e+00
-1.4475000e+02  0.0000000e+00  1.4997808e+00
-1.4425000e+02  0.0000000e+00  1.4997096e+00
-1.4375000e+02  0.0000000e+00  1.4998984e+00
-1.4325000e+02  0.0000000e+00  1.4997492e+00
-1.4275000e+02  0.0000000e+00  1.4997773e+00
-1.4225000e+02  0.0000000e+00  1.5000859e+00
-1.4175000e+02  0.0000000e+00  1.4998522e+00
-1.4125000e+02  0.0000000e+00  1.4994839e+00
-1.4075000e+02  0.0000000e+00  1.4995333e+00
-1.4025000e+02  0.0000000e+00  1.5000965e+00
-1.3975000e+02  0.0000000e+00  1.4997084e+00
-1.3925000e+02  0.0000000e+00  1.4997731e+00
-1.3875000e+02  0.0000000e+00  1.4999203e+00
-1.3825000e+02  0.0000000e+00  1.4996801e+00
-1.3775000e+02  0.0000000e+00  1.4995548e+00
-1.3725000e+02  0.0000000e+00  1.5000467e+00
-1.3675000e+02  0.0000000e+00  1.4996145e+00
-1.3625000e+02  0.0000000e+00  1.4998651e+00
-1.3575000e+02  0.0000000e+00  1.5000404e+00
-1.3525000e+02  0.0000000e+00  1.4998160e+00
-1.3475000e+02  0.0000000e+00  1.4993124e+00
-1.3425000e+02  0.0000000e+00  1.4998740e+00
-1.3375000e+02  0.0000000e+00  1.4999813e+00
-1.3325000e+02  0.0000000e+00  1.4996229e+00
-1.3275000e+02  0.0000000e+00  1.4998885e+00
-1.3225000e+02  0.0000000e+00  1.4997816e+00
-1.3175000e+02  0.0000000e+00  1.4997254e+00
-1.3125000e+02  0.0000000e+00  1.4996917e+00
-1.3075000e+02  0.0000000e+00  1.4999385e+00
-1.3025000e+02  0.0000000e+00  1.4995137e+00
-1.2975000e+02  0.0000000e+00  1.4999139e+00
-1.2925000e+02  0.0000000e+00  1.4995953e+00
-1.2875000e+02  0.0000000e+00  1.5000629e+00
-1.2825000e+02  0.0000000e+00  1.4996296e+00
-1.2775000e+02  0.0000000e+00  1.4997822e+00
-1.2725000e+02  0.0000000e+00  1.4998534e+00
-1.2675000e+02  0.0000000e+00  1.4997165e+00
-1.2625000e+02  0.0000000e+00  1.4997464e+00
-1.2575000e+02  0.0000000e+00  1.4995206e+00
-1.2525000e+02  0.0000000e+00  1.4998020e+00
-1.2475000e+02  0.0000000e+00  1.5001253e+00
-1.2425000e+02  0.0000000e+00  1.4992504e+00
-1.2375000e+02  0.0000000e+00  1.5000359e+00
-1.2325000e+02  0.0000000e+00  1.4999469e+00
-1.2275000e+02  0.0000000e+00  1.4995253e+00
-1.2225000e+02  0.0000000e+00  1.4999120e+00
-1.2175000e+02  0.0000000e+00  1.4997710e+00
-1.2125000e+02  0.0000000e+00  1.4995849e+00
-1.2075000e+02  0.0000000e+00  1.5000324e+00
-1.2025000e+02  0.0000000e+00  1.4998781e+00
-1.1975000e+02  0.0000000e+00  1.4995562e+00
-1.1925000e+02  0.0000000e+00  1.4999852e+00
-1.1875000e+02  0.0000000e+00  1.4994157e+00
-1.1825000e+02  0.0000000e+00  1.4998725e+00
-1.1775000e+02  0.0000000e+00  1.4998670e+00
-1.1725000e+02  0.0000000e+00  1.4999925e+00
-1.1675000e+02  0.0000000e+00  1.4994546e+00
-1.1625000e+02  0.0000000e+00  1.4997426e+00
-1.1575000e+02  0.0000000e+00  1.5000038e+00
-1.1525000e+02  0.0000000e+00  1.4997777e+00
-1.1475000e+02  0.0000000e+00  1.4999043e+00
-1.1425000e+02  0.0000000e+00  1.4996367e+00
-1.1375000e+02  0.0000000e+00  1.4997641e+00
-1.1325000e+02  0.0000000e+00  1.4996162e+00
-1.1275000e+02  0.0000000e+00  1.4996990e+00
-1.1225000e+02  0.0000000e+00  1.4997439e+00
-1.1175000e+02  0.0000000e+00  1.4997903e+00
-1.1125000e+02  0.0000000e+00  1.4999905e+00
-1.1075000e+02  0.0000000e+00  1.4997755e+00
-1.1025000e+02  0.0000000e+00  1.4998314e+00
-1.0975000e+02  0.0000000e+00  1.4996200e+00
-1.0925000e+02  0.0000000e+00  1.4996188e+00
-1.0875000e+02  0.0000000e+00  1.4999845e+00
-1.0825000e+02  0.0000000e+00  1.4995943e+00
-1.0775000e+02  0.0000000e+00  1.5000281e+00
-1.0725000e+02  0.0000000e+00  1.4996247e+00
-1.0675000e+02  0.0000000e+00  1.4997275e+00
-1.0625000e+02  0.0000000e+00  1.4996092e+00
-1.0575000e+02  0.0000000e+00  1.5001399e+00
-1.0525000e+02  0.0000000e+00  1.4996976e+00
-1.0475000e+02  0.0000000e+00  1.4999006e+00
-1.0425000e+02  0.0000000e+00  1.4998151e+00
-1.0375000e+02  0.0000000e+00  1.4994865e+00
-1.0325000e+02  0.0000000e+00  1.4996179e+00
-1.0275000e+02  0.0000000e+00  1.4998464e+00
-1.0225000e+02  0.0000000e+00  1.4998221e+00
-1.0175000e+02  0.0000000e+00  1.4998674e+00
-1.0125000e+02  0.0000000e+00  1.4997003e+00
-1.0075000e+02  0.0000000e+00  1.4999052e+00
-1.0025000e+02  0.0000000e+00  1.4998886e+00
-9.9750000e+01  0.0000000e+00  1.4997418e+00
-9.9250000e+01  0.0000000e+00  1.4997397e+00
-9.8750000e+01  0.0000000e+00  1.4996150e+00
-9.8250000e+01  0.0000000e+00  1.4999937e+00
-9.7750000e+01  0.0000000e+00  1.4999917e+00
-9.7250000e+01  0.0000000e+00  1.4998035e+00
-9.6750000e+01  0.0000000e+00  1.4997030e+00
-9.6250000e+01  0.0000000e+00  1.4998355e+00
-9.5750000e+01  0.0000000e+00  1.4998701e+00
-9.5250000e+01  0.0000000e+00  1.4997886e+00
-9.4750000e+01  0.0000000e+00  1.4994090e+00
-9.4250000e+01  0.0000000e+00  1.4998598e+00
-9.3750000e+01  0.0000000e+00  1.4999505e+00
-9.3250000e+01  0.0000000e+00  1.4995297e+00
-9.2750000e+01  0.0000000e+00  1.4998240e+00
-9.2250000e+01  0.0000000e+00  1.4999667e+00
-9.1750000e+01  0.0000000e+00  1.4997301e+00
-9.1250000e+01  0.0000000e+00  1.4997405e+00
-9.0750000e+01  0.0000000e+00  1.4999519e+00
-9.0250000e+01  0.0000000e+00  1.4998293e+00
-8.9750000e+01  0.0000000e+00  1.4997541e+00
-8.9250000e+01  0.0000000e+00  1.4995808e+00
-8.8750000e+01  0.0000000e+00  1.4998323e+00
-8.8250000e+01  0.0000000e+00  1.4995726e+00
-8.7750000e+01  0.0000000e+00  1.4998340e+00
-8.7250000e+01  0.0000000e+00  1.4998852e+00
-8.6750000e+01  0.0000000e+00  1.4994492e+00
-8.6250000e+01  0.0000000e+00  1.5001152e+00
-8.5750000e+01  0.0000000e+00  1.4998263e+00
-8.5250000e+01  0.0000000e+00  1.4996020e+00
-8.4750000e+01  0.0000000e+00  1.4998207e+00
-8.4250000e+01  0.0000000e+00  1.4997185e+00
-8.3750000e+01  0.0000000e+00  1.4997780e+00
-8.3250000e+01  0.0000000e+00  1.5000125e+00
-8.2750000e+01  0.0000000e+00  1.4999069e+00
-8.2250000e+01  0.0000000e+00  1.4994598e+00
-8.1750000e+01  0.0000000e+00  1.4999107e+00
-8.1250000e+01  0.0000000e+00  1.4997902e+00
-8.0750000e+01  0.0000000e+00  1.4998215e+00
-8.0250000e+01  0.0000000e+00  1.4996112e+00
-7.9750000e+01  0.0000000e+00  1.4996807e+00
-7.9250000e+01  0.0000000e+00  1.4999478e+00
-7.8750000e+01  0.0000000e+00  1.4998343e+00
-7.8250000e+01  0.0000000e+00  1.4997752e+00
-7.7750000e+01  0.0000000e+00  1.4996860e+00
-7.7250000e+01  0.0000000e+00  1.4997063e+00
-7.6750000e+01  0.0000000e+00  1.4999280e+00
-7.6250000e+01  0.0000000e+00  1.5000234e+00
-7.5750000e+01  0.0000000e+00  1.4994634e+00
-7.5250000e+01  0.0000000e+00  1.5000934e+00
-7.4750000e+01  0.0000000e+00  1.4994037e+00
-7.4250000e+01  0.0000000e+00  1.4998011e+00
-7.3750000e+01  0.0000000e+00  1.4998319e+00
-7.3250000e+01  0.0000000e+00  1.4997792e+00
-7.2750000e+01  0.0000000e+00  1.4996965e+00
-7.2250000e+01  0.0000000e+00  1.4996929e+00
-7.1750000e+01  0.0000000e+00  1.5000877e+00
-7.1250000e+01  0.0000000e+00  1.4994309e+00
-7.0750000e+01  0.0000000e+00  1.4999017e+00
-7.0250000e+01  0.0000000e+00  1.5000169e+00
-6.9750000e+01  0.0000000e+00  1.4991068e+00
-6.9250000e+01  0.0000000e+00  1.5002524e+00
-6.8750000e+01  0.0000000e+00  1.4996894e+00
-6.8250000e+01  0.0000000e+00  1.4997117e+00
-6.7750000e+01  0.0000000e+00  1.4997545e+00
-6.7250000e+01  0.0000000e+00  1.4994616e+00
-6.6750000e+01  0.0000000e+00  1.5001170e+00
-6.6250000e+01  0.0000000e+00  1.4997666e+00
-6.5750000e+01  0.0000000e+00  1.4999018e+00
-6.5250000e+01  0.0000000e+00  1.4996769e+00
-6.4750000e+01  0.0000000e+00  1.4996974e+00
-6.4250000e+01  0.0000000e+00  1.4998478e+00
-6.3750000e+01  0.0000000e+00  1.4996942e+00
-6.3250000e+01  0.0000000e+00  1.4997118e+00
-6.2750000e+01  0.0000000e+00  1.4998275e+00
-6.2250000e+01  0.0000000e+00  1.4999745e+00
-6.1750000e+01  0.0000000e+00  1.4995407e+00
-6.1250000e+01  0.0000000e+00  1.4997553e+00
-6.0750000e+01  0.0000000e+00  1.4996580e+00
-6.0250000e+01  0.0000000e+00  1.5000504e+00
-5.9750000e+01  0.0000000e+00  1.4998384e+00
-5.9250000e+01  0.0000000e+00  1.5000709e+00
-5.8750000e+01  0.0000000e+00  1.4994301e+00
-5.8250000e+01  0.0000000e+00  1.4999012e+00
-5.7750000e+01  0.0000000e+00  1.4997357e+00
-5.7250000e+01  0.0000000e+00  1.4999743e+00
-5.6750000e+01  0.0000000e+00  1.4994503e+00
-5.6250000e+01  0.0000000e+00  1.4996768e+00
-5.5750000e+01  0.0000000e+00  1.5001048e+00
-5.5250000e+01  0.0000000e+00  1.4997032e+00
-5.4750000e+01  0.0000000e+00  1.4999052e+00
-5.4250000e+01  0.0000000e+00  1.4997255e+00
-5.3750000e+01  0.0000000e+00  1.4995959e+00
-5.3250000e+01  0.0000000e+00  1.4995270e+00
-5.2750000e+01  0.0000000e+00  1.4999494e+00
-5.2250000e+01  0.0000000e+00  1.5000675e+00
-5.1750000e+01  0.0000000e+00  1.4996980e+00
-5.1250000e+01  0.0000000e+00  1.4999169e+00
-5.0750000e+01  0.0000000e+00  1.4996640e+00
-5.0250000e+01  0.0000000e+00  1.4996738e+00
-4.9750000e+01  0.0000000e+00  1.4998897e+00
-4.9250000e+01  0.0000000e+00  1.4999277e+00
-4.8750000e+01  0.0000000e+00  1.5000028e+00
-4.8250000e+01  0.0000000e+00  1.4995901e+00
-4.7750000e+01  0.0000000e+00  1.4999829e+00
-4.7250000e+01  0.0000000e+00  1.4996780e+00
-4.6750000e+01  0.0000000e+00  1.5002201e+00
-4.6250000e+01  0.0000000e+00  1.4995148e+00
-4.5750000e+01  0.0000000e+00  1.4996743e+00
-4.5250000e+01  0.0000000e+00  1.4996591e+00
-4.4750000e+01  0.0000000e+00  1.4999451e+00
-4.4250000e+01  0.0000000e+00  1.4997572e+00
-4.3750000e+01  0.0000000e+00  1.4997245e+00
-4.3250000e+01  0.0000000e+00  1.4998999e+00
-4.2750000e+01  0.0000000e+00  1.4995318e+00
-4.2250000e+01  0.0000000e+00  1.4997813e+00
-4.1750000e+01  0.0000000e+00  1.4997822e+00
-4.1250000e+01  0.0000000e+00  1.5000847e+00
-4.0750000e+01  0.0000000e+00  1.4997154e+00
-4.0250000e+01  0.0000000e+00  1.4996763e+00
-3.9750000e+01  0.0000000e+00  1.4995717e+00
-3.9250000e+01  0.0000000e+00  1.4998769e+00
-3.8750000e+01  0.0000000e+00  1.4997875e+00
-3.8250000e+01  0.0000000e+00  1.4996934e+00
-3.7750000e+01  0.0000000e+00  1.4997914e+00
-3.7250000e+01  0.0000000e+00  1.4995247e+00
-3.6750000e+01  0.0000000e+00  1.5002623e+00
-3.6250000e+01  0.0000000e+00  1.4995054e+00
-3.5750000e+01  0.0000000e+00  1.4995875e+00
-3.5250000e+01  0.0000000e+00  1.4998903e+00
-3.4750000e+01  0.0000000e+00  1.4997958e+00
-3.4250000e+01  0.0000000e+00  1.4995953e+00
-3.3750000e+01  0.0000000e+00  1.5000090e+00
-3.3250000e+01  0.0000000e+00  1.4999115e+00
-3.2750000e+01  0.0000000e+00  1.4995929e+00
-3.2250000e+01  0.0000000e+00  1.4997129e+00
-3.1750000e+01  0.0000000e+00  1.4995255e+00
-3.1250000e+01  0.0000000e+00  1.5000151e+00
-3.0750000e+01  0.0000000e+00  1.4995293e+00
-3.0250000e+01  0.0000000e+00  1.5000504e+00
-2.9750000e+01  0.0000000e+00  1.4996657e+00
-2.9250000e+01  0.0000000e+00  1.4997817e+00
-2.8750000e+01  0.0000000e+00  1.4999416e+00
-2.8250000e+01  0.0000000e+00  1.4992949e+00
-2.7750000e+01  0.0000000e+00  1.4998938e+00
-2.7250000e+01  0.0000000e+00  1.4998424e+00
-2.6750000e+01  0.0000000e+00  1.4998229e+00
-2.6250000e+01  0.0000000e+00  1.4996669e+00
-2.5750000e+01  0.0000000e+00  1.4999235e+00
-2.5250000e+01  0.0000000e+00  1.4997224e+00
-2.4750000e+01  0.0000000e+00  1.5000079e+00
-2.4250000e+01  0.0000000e+00  1.4999121e+00
-2.3750000e+01  0.0000000e+00  1.4994396e+00
-2.3250000e+01  0.0000000e+00  1.5001008e+00
-2.2750000e+01  0.0000000e+00  1.4995824e+00
-2.2250000e+01  0.0000000e+00  1.4995627e+00
-2.1750000e+01  0.0000000e+00  1.4998163e+00
-2.1250000e+01  0.0000000e+00  1.5001273e+00
-2.0750000e+01  0.0000000e+00  1.4994731e+00
-2.0250000e+01  0.0000000e+00  1.4999796e+00
-1.9750000e+01  0.0000000e+00  1.4998343e+00
-1.9250000e+01  0.0000000e+00  1.4998122e+00
-1.8750000e+01  0.0000000e+00  1.4994044e+00
-1.8250000e+01  0.0000000e+00  1.4999840e+00
-1.7750000e+01  0.0000000e+00  1.4999687e+00
-1.7250000e+01  0.0000000e+00  1.4992472e+00
-1.6750000e+01  0.0000000e+00  1.5000783e+00
-1.6250000e+01  0.0000000e+00  1.4994359e+00
-1.5750000e+01  0.0000000e+00  1.4999047e+00
-1.5250000e+01  0.0000000e+00  1.4996646e+00
-1.4750000e+01  0.0000000e+00  1.4999736e+00
-1.4250000e+01  0.0000000e+00  1.4998964e+00
-1.3750000e+01  0.0000000e+00  1.4998276e+00
-1.3250000e+01  0.0000000e+00  1.5000261e+00
-1.2750000e+01  0.0000000e+00  1.4992524e+00
-1.2250000e+01  0.0000000e+00  1.4999636e+00
-1.1750000e+01  0.0000000e+00  1.4997865e+00
-1.1250000e+01  0.0000000e+00  1.5000417e+00
-1.0750000e+01  0.0000000e+00  1.4995989e+00
-1.0250000e+01  0.0000000e+00  1.4997983e+00
-9.7500000e+00  0.0000000e+00  1.4996502e+00
-9.2500000e+00  0.0000000e+00  1.4998250e+00
-8.7500000e+00  0.0000000e+00  1.4998860e+00
-8.2500000e+00  0.0000000e+00  1.4997242e+00
-7.7500000e+00  0.0000000e+00  1.4998526e+00
-7.2500000e+00  0.0000000e+00  1.4996879e+00
-6.7500000e+00  0.0000000e+00  1.4996254e+00
-6.2500000e+00  0.0000000e+00  1.4999446e+00
-5.7500000e+00  0.0000000e+00  1.4995865e+00
-5.2500000e+00  0.0000000e+00  1.5000388e+00
-4.7500000e+00  0.0000000e+00  1.4997521e+00
-4.2500000e+00  0.0000000e+00  1.4995640e+00
-3.7500000e+00  0.0000000e+00  1.4996791e+00
-3.2500000e+00  0.0000000e+00  1.4997584e+00
-2.7500000e+00  0.0000000e+00  1.4999428e+00
-2.2500000e+00  0.0000000e+00  1.4996531e+00
-1.7500000e+00  0.0000000e+00  1.4998657e+00
-1.2500000e+00  0.0000000e+00  1.4996722e+00
-7.5000000e-01  0.0000000e+00  1.4996659e+00
-2.5000000e-01  0.0000000e+00  1.4998529e+00
 2.5000000e-01  0.0000000e+00  1.4997868e+00
 7.5000000e-01  0.0000000e+00  1.4994297e+00
 1.2500000e+00  0.0000000e+00  1.4995328e+00
 1.7500000e+00  0.0000000e+00  1.4984804e+00
 2.2500000e+00  0.0000000e+00  1.4974630e+00
 2.7500000e+00  0.0000000e+00  1.4967163e+00
 3.2500000e+00  0.0000000e+00  1.4954083e+00
 3.7500000e+00  0.0000000e+00  1.4938269e+00
 4.2500000e+00  0.0000000e+00  1.4923943e+00
 4.7500000e+00  0.0000000e+00  1.4903934e+00
 5.2500000e+00  0.0000000e+00  1.4883861e+00
 5.7500000e+00  0.0000000e+00  1.4856322e+00
 6.2500000e+00  0.0000000e+00  1.4837009e+00
 6.7500000e+00  0.0000000e+00  1.4810629e+00
 7.2500000e+00  0.0000000e+00  1.4780117e+00
 7.7500000e+00  0.0000000e+00  1.4746261e+00
 8.2500000e+00  0.0000000e+00  1.4720739e+00
 8.7500000e+00  0.0000000e+00  1.4678455e+00
 9.2500000e+00  0.0000000e+00  1.4648046e+00
 9.7500000e+00  0.0000000e+00  1.4605840e+00
 1.0250000e+01  0.0000000e+00  1.4565879e+00
 1.0750000e+01  0.0000000e+00  1.4522381e+00
 1.1250000e+01  0.0000000e+00  1.4481600e+00
 1.1750000e+01  0.0000000e+00  1.4433327e+00
 1.2250000e+01  0.0000000e+00  1.4386197e+00
 1.2750000e+01  0.0000000e+00  1.4336432e+00
 1.3250000e+01  0.0000000e+00  1.4283777e+00
 1.3750000e+01  0.0000000e+00  1.4227002e+00
 1.4250000e+01  0.0000000e+00  1.4177708e+00
 1.4750000e+01  0.0000000e+00  1.4117044e+00
 1.5250000e+01  0.0000000e+00  1.4060013e+00
 1.5750000e+01  0.0000000e+00  1.3998667e+00
 1.6250000e+01  0.0000000e+00  1.3936107e+00
 1.6750000e+01  0.0000000e+00  1.3874645e+00
 1.7250000e+01  0.0000000e+00  1.3805592e+00
 1.7750000e+01  0.0000000e+00  1.3740656e+00
 1.8250000e+01  0.0000000e+00  1.3674071e+00
 1.8750000e+01  0.0000000e+00  1.3600991e+00
 1.9250000e+01  0.0000000e+00  1.3532128e+00
 1.9750000e+01  0.0000000e+00  1.3457653e+00
 2.0250000e+01  0.0000000e+00  1.3382978e+00
 2.0750000e+01  0.0000000e+00  1.3307211e+00
 2.1250000e+01  0.0000000e+00  1.3229548e+00
 2.1750000e+01  0.0000000e+00  1.3148071e+00
 2.2250000e+01  0.0000000e+00  1.3070507e+00
 2.2750000e+01  0.0000000e+00  1.2991836e+00
 2.3250000e+01  0.0000000e+00  1.2907527e+00
 2.3750000e+01  0.0000000e+00  1.2821622e+00
 2.4250000e+01  0.0000000e+00  1.2739039e+00
 2.4750000e+01  0.0000000e+00  1.2647985e+00
 2.5250000e+01  0.0000000e+00  1.2565652e+00
 2.5750000e+01  0.0000000e+00  1.2475736e+00
 2.6250000e+01  0.0000000e+00  1.2384900e+00
 2.6750000e+01  0.0000000e+00  1.2293773e+00
 2.7250000e+01  0.0000000e+00  1.2201736e+00
 2.7750000e+01  0.0000000e+00  1.2109456e+00
 2.8250000e+01  0.0000000e+00  1.2016603e+00
 2.8750000e+01  0.0000000e+00  1.1921510e+00
 2.9250000e+01  0.0000000e+00  1.1824896e+00
 2.9750000e+01  0.0000000e+00  1.1726211e+00
 3.0250000e+01  0.0000000e+00  1.1632174e+00
 3.0750000e+01  0.0000000e+00  1.1533937e+00
 3.1250000e+01  0.0000000e+00  1.1434225e+00
 3.1750000e+01  0.0000000e+00  1.1336319e+00
 3.2250000e+01  0.0000000e+00  1.1235886e+00
 3.2750000e+01  0.0000000e+00  1.1129748e+00
 3.3250000e+01  0.0000000e+00  1.1033613e+00
 3.3750000e+01  0.0000000e+00  1.0928663e+00
 3.4250000e+01  0.0000000e+00  1.0825979e+00
 3.4750000e+01  0.0000000e+00  1.0722699e+00
 3.5250000e+01  0.0000000e+00  1.0621467e+00
 3.5750000e+01  0.0000000e+00  1.0516461e+00
 3.6250000e+01  0.0000000e+00  1.0412134e+00
 3.6750000e+01  0.0000000e+00  1.0305301e+00
 3.7250000e+01  0.0000000e+00  1.0202370e+00
 3.7750000e+01  0.0000000e+00  1.0094844e+00
 3.8250000e+01  6.3426290e+23  9.9872110e-01
 3.8750000e+01  7.6409601e+23  9.8822044e-01
 3.9250000e+01  7.3440211e+23  9.7781544e-01
 3.9750000e+01  7.6139278e+23  9.6694665e-01
 4.0250000e+01  8.2804386e+23  9.5626529e-01
 4.0750000e+01  9.1456707e+23  9.4569607e-01
 4.1250000e+01  9.8276388e+23  9.3478260e-01
 4.1750000e+01  1.0443579e+24  9.2417694e-01
 4.2250000e+01  1.1120309e+24  9.1353008e-01
 4.2750000e+01  1.1825581e+24  9.0272901e-01
 4.3250000e+01  1.2306408e+24  8.9193665e-01
 4.3750000e+01  1.3174927e+24  8.8133509e-01
 4.4250000e+01  1.3628069e+24  8.7051350e-01
 4.4750000e+01  1.4414488e+24  8.5994212e-01
 4.5250000e+01  1.5042409e+24  8.4923417e-01
 4.5750000e+01  1.5423471e+24  8.3861044e-01
 4.6250000e+01  1.6118730e+24  8.2788863e-01
 4.6750000e+01  1.6481823e+24  8.1715760e-01
 4.7250000e+01  1.7144901e+24  8.0681947e-01
 4.7750000e+01  1.7442394e+24  7.9594686e-01
 4.8250000e+01  1.7716611e+24  7.8558485e-01
 4.8750000e+01  1.7926321e+24  7.7509028e-01
 4.9250000e+01  1.8264810e+24  7.6462629e-01
 4.9750000e+01  1.8768576e+24  7.5409168e-01
 5.0250000e+01  1.8790543e+24  7.4372617e-01
 5.0750000e+01  1.8848683e+24  7.3331047e-01
 5.1250000e+01  1.9386711e+24  7.2309542e-01
 5.1750000e+01  1.9550720e+24  7.1282409e-01
 5.2250000e+01  1.9422942e+24  7.0243343e-01
 5.2750000e+01  1.9370705e+24  6.9243097e-01
 5.3250000e+01  1.9161064e+24  6.8233487e-01
 5.3750000e+01  1.9100045e+24  6.7207228e-01
 5.4250000e+01  1.9261349e+24  6.6230586e-01
 5.4750000e+01  1.9424710e+24  6.5220266e-01
 5.5250000e+01  1.9424575e+24  6.4244624e-01
 5.5750000e+01  1.8870213e+24  6.3244991e-01
 5.6250000e+01  1.8209915e+24  6.2283743e-01
 5.6750000e+01  1.8102764e+24  6.1305241e-01
 5.7250000e+01  1.8305550e+24  6.0347849e-01
 5.7750000e+01  1.8386103e+24  5.9374264e-01
 5.8250000e+01  1.7953218e+24  5.8446211e-01
 5.8750000e+01  1.7849423e+24  5.7496499e-01
 5.9250000e+01  1.7129034e+24  5.6569412e-01
 5.9750000e+01  1.6810079e+24  5.5633342e-01
 6.0250000e+01  1.6342553e+24  5.4712302e-01
 6.0750000e+01  1.6093894e+24  5.3803938e-01
 6.1250000e+01  1.5843418e+24  5.2894305e-01
 6.1750000e+01  1.5541196e+24  5.2009857e-01
 6.2250000e+01  1.4860267e+24  5.1106293e-01
 6.2750000e+01  1.4192967e+24  5.0244067e-01
 6.3250000e+01  1.4342423e+24  4.9366569e-01
 6.3750000e+01  1.3951788e+24  4.8500350e-01
 6.4250000e+01  1.3835474e+24  4.7644635e-01
 6.4750000e+01  1.3633077e+24  4.6813346e-01
 6.5250000e+01  1.2842078e+24  4.5948495e-01
 6.5750000e+01  1.2662788e+24  4.5137319e-01
 6.6250000e+01  1.2226748e+24  4.4314662e-01
 6.6750000e+01  1.1895233e+24  4.3499210e-01
 6.7250000e+01  1.1564466e+24  4.2707020e-01
 6.7750000e+01  1.0848755e+24  4.1900929e-01
 6.8250000e+01  1.0609580e+24  4.1126418e-01
 6.8750000e+01  1.0414265e+24  4.0351306e-01
 6.9250000e+01  1.0036515e+24  3.9585278e-01
 6.9750000e+01  9.8516115e+23  3.8823601e-01
 7.0250000e+01  9.6541493e+23  3.8084350e-01
 7.0750000e+01  9.2644795e+23  3.7333916e-01
 7.1250000e+01  8.9367759e+23  3.6610414e-01
 7.1750000e+01  8.4438158e+23  3.5895370e-01
 7.2250000e+01  7.9075711e+23  3.5178544e-01
 7.2750000e+01  7.6063288e+23  3.4479998e-01
 7.3250000e+01  7.2807508e+23  3.3785639e-01
 7.3750000e+01  7.2695467e+23  3.3104221e-01
 7.4250000e+01  7.0823035e+23  3.2425467e-01
 7.4750000e+01  6.8579996e+23  3.1769621e-01
 7.5250000e+01  6.4900282e+23  3.1111827e-01
 7.5750000e+01  6.1168567e+23  3.0464288e-01
 7.6250000e+01  5.8691878e+23  2.9831386e-01
 7.6750000e+01  5.5217361e+23  2.9201046e-01
 7.7250000e+01  5.4339431e+23  2.8585800e-01
 7.7750000e+01  5.2822991e+23  2.7971976e-01
 7.8250000e+01  5.1151515e+23  2.7372026e-01
 7.8750000e+01  4.7895346e+23  2.6796443e-01
 7.9250000e+01  4.6673700e+23  2.6199446e-01
 7.9750000e+01  4.4633688e+23  2.5634592e-01
 8.0250000e+01  4.2620822e+23  2.5062317e-01
 8.0750000e+01  4.0116040e+23  2.4516862e-01
 8.1250000e+01  3.8887582e+23  2.3967586e-01
 8.1750000e+01  3.7446554e+23  2.3423486e-01
 8.2250000e+01  3.5686640e+23  2.2910800e-01
 8.2750000e+01  3.3700051e+23  2.2388060e-01
 8.3250000e+01  3.2772069e+23  2.1873056e-01
 8.3750000e+01  3.1402017e+23  2.1374269e-01
 8.4250000e+01  2.9740946e+23  2.0879557e-01
 8.4750000e+01  2.8269352e+23  2.0392862e-01
 8.5250000e+01  2.6874846e+23  1.9922359e-01
 8.5750000e+01  2.5345991e+23  1.9452693e-01
 8.6250000e+01  2.4264416e+23  1.8995109e-01
 8.6750000e+01  2.3111602e+23  1.8541072e-01
 8.7250000e+01  2.1902116e+23  1.8104571e-01
 8.7750000e+01  2.1120354e+23  1.7666230e-01
 8.8250000e+01  2.0224999e+23  1.7237756e-01
 8.8750000e+01  1.8776400e+23  1.6820953e-01
 8.9250000e+01  1.7620285e+23  1.6408458e-01
 8.9750000e+01  1.7071997e+23  1.6009252e-01
 9.0250000e+01  1.6140322e+23  1.5609008e-01
 9.0750000e+01  1.5533603e+23  1.5225278e-01
 9.1250000e+01  1.4413630e+23  1.4845285e-01
 9.1750000e+01  1.3554297e+23  1.4470738e-01
 9.2250000e+01  1.2859874e+23  1.4108264e-01
 9.2750000e+01  1.2638380e+23  1.3746552e-01
 9.3250000e+01  1.2121053e+23  1.3398064e-01
 9.3750000e+01  1.1477130e+23  1.3052338e-01
 9.4250000e+01  1.0530931e+23  1.2719545e-01
 9.4750000e+01  9.9015144e+22  1.2387586e-01
 9.5250000e+01  9.5095468e+22  1.2065173e-01
 9.5750000e+01  9.1292905e+22  1.1752098e-01
 9.6250000e+01  8.5916402e+22  1.1439842e-01
 9.6750000e+01  8.1896835e+22  1.1138843e-01
 9.7250000e+01  7.7294415e+22  1.0841234e-01
 9.7750000e+01  7.3194420e+22  1.0552796e-01
 9.8250000e+01  6.8416919e+22  1.0269720e-01
 9.8750000e+01  6.5654799e+22  9.9897695e-02
 9.9250000e+01  6.2131304e+22  9.7218271e-02
 9.9750000e+01  5.9642624e+22  9.4567616e-02
 1.0025000e+02  5.6188554e+22  9.1964995e-02
 1.0075000e+02  5.2345668e+22  8.9442493e-02
 1.0125000e+02  4.9811319e+22  8.6949918e-02
 1.0175000e+02  4.7232389e+22  8.4544342e-02
 1.0225000e+02  4.4369995e+22  8.2185696e-02
 1.0275000e+02  4.0559860e+22  7.9879364e-02
 1.0325000e+02  3.7806042e+22  7.7624784e-02
 1.0375000e+02  3.7145180e+22  7.5420067e-02
 1.0425000e+02  3.4770263e+22  7.3278759e-02
 1.0475000e+02  3.2709110e+22  7.1181722e-02
 1.0525000e+02  3.1045948e+22  6.9131821e-02
 1.0575000e+02  2.9107114e+22  6.7147845e-02
 1.0625000e+02  2.7725944e+22  6.5177119e-02
 1.0675000e+02  2.6011844e+22  6.3297763e-02
 1.0725000e+02  2.4316423e+22  6.1428337e-02
 1.0775000e+02  2.2941178e+22  5.9630925e-02
 1.0825000e+02  2.1506003e+22  5.7860771e-02
 1.0875000e+02  2.0353141e+22  5.6148416e-02
 1.0925000e+02  1.9214967e+22  5.4472847e-02
 1.0975000e+02  1.8032810e+22  5.2843729e-02
 1.1025000e+02  1.7266065e+22  5.1248228e-02
 1.1075000e+02  1.6012236e+22  4.9700294e-02
 1.1125000e+02  1.4772908e+22  4.8195066e-02
 1.1175000e+02  1.4005643e+22  4.6722067e-02
 1.1225000e+02  1.3311317e+22  4.5297800e-02
 1.1275000e+02  1.2597080e+22  4.3894923e-02
 1.1325000e+02  1.1891255e+22  4.2540167e-02
 1.1375000e+02  1.1078622e+22  4.1214552e-02
 1.1425000e+02  1.0287546e+22  3.9942430e-02
 1.1475000e+02  9.4515835e+21  3.8688634e-02
 1.1525000e+02  8.6685344e+21  3.7466517e-02
 1.1575000e+02  8.3358492e+21  3.6287680e-02
 1.1625000e+02  7.9068847e+21  3.5140511e-02
 1.1675000e+02  7.3771386e+21  3.4014839e-02
 1.1725000e+02  6.7736840e+21  3.2931436e-02
 1.1775000e+02  6.2934539e+21  3.1875371e-02
 1.1825000e+02  5.9036371e+21  3.0843403e-02
 1.1875000e+02  5.5946909e+21  2.9844954e-02
 1.1925000e+02  5.1917140e+21  2.8873683e-02
 1.1975000e+02  4.8402507e+21  2.7937807e-02
 1.2025000e+02  4.5549260e+21  2.7013447e-02
 1.2075000e+02  4.3937500e+21  2.6128160e-02
 1.2125000e+02  4.1286180e+21  2.5263566e-02
 1.2175000e+02  3.8233708e+21  2.4427818e-02
 1.2225000e+02  3.5436283e+21  2.3611641e-02
 1.2275000e+02  3.2568473e+21  2.2821442e-02
 1.2325000e+02  3.0518753e+21  2.2051470e-02
 1.2375000e+02  2.8129061e+21  2.1315368e-02
 1.2425000e+02  2.6946943e+21  2.0588947e-02
 1.2475000e+02  2.5516282e+21  1.9888448e-02
 1.2525000e+02  2.3689512e+21  1.9209376e-02
 1.2575000e+02  2.1741537e+21  1.8557824e-02
 1.2625000e+02  2.0224246e+21  1.7914411e-02
 1.2675000e+02  1.9068943e+21  1.7292411e-02
 1.2725000e+02  1.7618760e+21  1.6701230e-02
 1.2775000e+02  1.6375411e+21  1.6117395e-02
 1.2825000e+02  1.5215698e+21  1.5551584e-02
 1.2875000e+02  1.4035482e+21  1.5006227e-02
 1.2925000e+02  1.3055798e+21  1.4480912e-02
 1.2975000e+02  1.2433791e+21  1.3966496e-02
 1.3025000e+02  1.1686697e+21  1.3473622e-02
 1.3075000e+02  1.0618664e+21  1.2994429e-02
 1.3125000e+02  9.8508203e+20  1.2529106e-02
 1.3175000e+02  9.1269012e+20  1.2075492e-02
 1.3225000e+02  8.7328803e+20  1.1646129e-02
 1.3275000e+02  7.8961329e+20  1.1223536e-02
 1.3325000e+02  7.2895656e+20  1.0816042e-02
 1.3375000e+02  7.0128905e+20  1.0422350e-02
 1.3425000e+02  6.4235955e+20  1.0043295e-02
 1.3475000e+02  5.9680648e+20  9.6732109e-03
 1.3525000e+02  5.5080163e+20  9.3181772e-03
 1.3575000e+02  4.9181957e+20  8.9736674e-03
 1.3625000e+02  4.5962408e+20  8.6412719e-03
 1.3675000e+02  4.2751018e+20  8.3188955e-03
 1.3725000e+02  4.0294312e+20  8.0084366e-03
 1.3775000e+02  3.8138327e+20  7.7097957e-03
 1.3825000e+02  3.4929541e+20  7.4189143e-03
 1.3875000e+02  3.2299780e+20  7.1378218e-03
 1.3925000e+02  3.0157380e+20  6.8690873e-03
 1.3975000e+02  2.8169097e+20  6.6072286e-03
 1.4025000e+02  2.6048730e+20  6.3540162e-03
 1.4075000e+02  2.3336179e+20  6.1130533e-03
 1.4125000e+02  2.1663261e+20  5.8764614e-03
 1.4175000e+02  2.0324262e+20  5.6505477e-03
 1.4225000e+02  1.8418924e+20  5.4317495e-03
 1.4275000e+02  1.7199629e+20  5.2216133e-03
 1.4325000e+02  1.5919744e+20  5.0173395e-03
 1.4375000e+02  1.4690302e+20  4.8238852e-03
 1.4425000e+02  1.3436179e+20  4.6329474e-03
 1.4475000e+02  1.2248515e+20  4.4498505e-03
 1.4525000e+02  1.1585314e+20  4.2743367e-03
 1.4575000e+02  1.0776798e+20  4.1061053e-03
 1.4625000e+02  9.8917172e+19  3.9427403e-03
 1.4675000e+02  9.0264800e+19  3.7853446e-03
 1.4725000e+02  8.0907497e+19  3.6335057e-03
 1.4775000e+02  7.3800332e+19  3.4872860e-03
 1.4825000e+02  7.0719950e+19  3.3484779e-03
 1.4875000e+02  6.3088926e+19  3.2119141e-03
 1.4925000e+02  5.8436067e+19  3.0813978e-03
 1.4975000e+02  5.5155193e+19  2.9573605e-03
 1.5025000e+02  4.9550103e+19  2.8351074e-03
 1.5075000e+02  4.7503637e+19  2.7197629e-03
 1.5125000e+02  4.3880975e+19  2.6083656e-03
 1.5175000e+02  3.9726938e+19  2.5002196e-03
 1.5225000e+02  3.6379559e+19  2.3974538e-03
 1.5275000e+02  3.3990343e+19  2.2978891e-03
 1.5325000e+02  3.0582714e+19  2.2022635e-03
 1.5375000e+02  2.7249329e+19  2.1096820e-03
 1.5425000e+02  2.4357407e+19  2.0219196e-03
 1.5475000e+02  2.3516495e+19  1.9372525e-03
 1.5525000e+02  2.1536960e+19  1.8547736e-03
 1.5575000e+02  2.0014671e+19  1.7771302e-03
 1.5625000e+02  1.8453473e+19  1.7016218e-03
 1.5675000e+02  1.6736853e+19  1.6288344e-03
 1.5725000e+02  1.5216471e+19  1.5595407e-03
 1.5775000e+02  1.3874616e+19  1.4934632e-03
 1.5825000e+02  1.2708462e+19  1.4286356e-03
 1.5875000e+02  1.1769694e+19  1.3669072e-03
 1.5925000e+02  1.0859045e+19  1.3086010e-03
 1.5975000e+02  9.6079625e+18  1.2512728e-03
 1.6025000e+02  8.9753434e+18  1.1969833e-03
 1.6075000e+02  8.2585097e+18  1.1448656e-03
 1.6125000e+02  7.5595225e+18  1.0948782e-03
 1.6175000e+02  6.9507646e+18  1.0467346e-03
 1.6225000e+02  6.3823334e+18  1.0007725e-03
 1.6275000e+02  5.7076297e+18  9.5629102e-04
 1.6325000e+02  5.1507691e+18  9.1449825e-04
 1.6375000e+02  4.7620032e+18  8.7361986e-04
 1.6425000e+02  4.3077801e+18  8.3474849e-04
 1.6475000e+02  3.9838534e+18  7.9738518e-04
 1.6525000e+02  3.6037705e+18  7.6167710e-04
 1.6575000e+02  3.3507026e+18  7.2741771e-04
 1.6625000e+02  3.0935946e+18  6.9475549e-04
 1.6675000e+02  2.7905358e+18  6.6334714e-04
 1.6725000e+02  2.5121431e+18  6.3323889e-04
 1.6775000e+02  2.3293202e+18  6.0440745e-04
 1.6825000e+02  2.1324282e+18  5.7688506e-04
 1.6875000e+02  1.9326549e+18  5.5052560e-04
 1.6925000e+02  1.7339236e+18  5.2526487e-04
 1.6975000e+02  1.5763594e+18  5.0105021e-04
 1.7025000e+02  1.4177953e+18  4.7811847e-04
 1.7075000e+02  1.2721235e+18  4.5592073e-04
 1.7125000e+02  1.1621039e+18  4.3471756e-04
 1.7175000e+02  1.0850722e+18  4.1446885e-04
 1.7225000e+02  9.8036315e+17  3.9521588e-04
 1.7275000e+02  8.9118046e+17  3.7665434e-04
 1.7325000e+02  7.8443233e+17  3.5900120e-04
 1.7375000e+02  7.2080443e+17  3.4214506e-04
 1.7425000e+02  6.7007024e+17  3.2598738e-04
 1.7475000e+02  6.1008092e+17  3.1054553e-04
 1.7525000e+02  5.4977786e+17  2.9584569e-04
 1.7575000e+02  5.1360692e+17  2.8178341e-04
 1.7625000e+02  4.6082750e+17  2.6827341e-04
 1.7675000e+02  4.1986931e+17  2.5545207e-04
 1.7725000e+02  3.7401535e+17  2.4324038e-04
 1.7775000e+02  3.3011589e+17  2.3150520e-04
 1.7825000e+02  3.0636299e+17  2.2035062e-04
 1.7875000e+02  2.7737545e+17  2.0967327e-04
 1.7925000e+02  2.5209847e+17  1.9949807e-04
 1.7975000e+02  2.2765762e+17  1.8984244e-04
 1.8025000e+02  2.0739305e+17  1.8055143e-04
 1.8075000e+02  1.8858076e+17  1.7173658e-04
 1.8125000e+02  1.6868884e+17  1.6327423e-04
 1.8175000e+02  1.2481596e+17  1.4698998e-04
 1.8225000e+02  9.0732557e+15  3.3753326e-05
 1.8275000e+02  0.0000000e+00  0.0000000e+00
 1.8325000e+02  0.0000000e+00  0.0000000e+00
 1.8375000e+02  0.0000000e+00  0.0000000e+00
 1.8425000e+02  0.0000000e+00  0.0000000e+00
 1.8475000e+02  0.0000000e+00  0.0000000e+00
 1.8525000e+02  0.0000000e+00  0.0000000e+00
 1.8575000e+02  0.0000000e+00  0.0000000e+00
 1.8625000e+02  0.0000000e+00  0.0000000e+00
 1.8675000e+02  0.0000000e+00  0.0000000e+00
 1.8725000e+02  0.0000000e+00  0.0000000e+00
 1.8775000e+02  0.0000000e+00  0.0000000e+00
 1.8825000e+02  0.0000000e+00  0.0000000e+00
 1.8875000e+02  0.0000000e+00  0.0000000e+00
 1.8925000e+02  0.0000000e+00  0.0000000e+00
 1.8975000e+02  0.0000000e+00  0.0000000e+00
 1.9025000e+02  0.0000000e+00  0.0000000e+00
 1.9075000e+02  0.0000000e+00  0.0000000e+00
 1.9125000e+02  0.0000000e+00  0.0000000e+00
 1.9175000e+02  0.0000000e+00  0.0000000e+00
 1.9225000e+02  0.0000000e+00  0.0000000e+00
 1.9275000e+02  0.0000000e+00  0.0000000e+00
 1.9325000e+02  0.0000000e+00  0.0000000e+00
 1.9375000e+02  0.0000000e+00  0.0000000e+00
 1.9425000e+02  0.0000000e+00  0.0000000e+00
 1.9475000e+02  0.0000000e+00  0.0000000e+00
 1.9525000e+02  0.0000000e+00  0.0000000e+00
 1.9575000e+02  0.0000000e+00  0.0000000e+00
 1.9625000e+02  0.0000000e+00  0.0000000e+00
 1.9675000e+02  0.0000000e+00  0.0000000e+00
 1.9725000e+02  0.0000000e+00  0.0000000e+00
 1.9775000e+02  0.0000000e+00  0.0000000e+00
 1.9825000e+02  0.0000000e+00  0.0000000e+00
 1.9875000e+02  0.0000000e+00  0.0000000e+00
 1.9925000e+02  0.0000000e+00  0.0000000e+00
 1.9975000e+02  0.0000000e+00  0.0000000e+00
 2.0025000e+02  0.0000000e+00  0.0000000e+00
 2.0075000e+02  0.0000000e+00  0.0000000e+00
 2.0125000e+02  0.0000000e+00  0.0000000e+00
 2.0175000e+02  0.0000000e+00  0.0000000e+00
 2.0225000e+02  0.0000000e+00  0.0000000e+00
 2.0275000e+02  0.0000000e+00  0.0000000e+00
 2.0325000e+02  0.0000000e+00  0.0000000e+00
 2.0375000e+02  0.0000000e+00  0.0000000e+00
 2.0425000e+02  0.0000000e+00  0.0000000e+00
 2.0475000e+02  0.0000000e+00  0.0000000e+00
 2.0525000e+02  0.0000000e+00  0.0000000e+00
 2.0575000e+02  0.0000000e+00  0.0000000e+00
 2.0625000e+02  0.0000000e+00  0.0000000e+00
 2.0675000e+02  0.0000000e+00  0.0000000e+00
 2.0725000e+02  0.0000000e+00  0.0000000e+00
 2.0775000e+02  0.0000000e+00  0.0000000e+00
 2.0825000e+02  0.0000000e+00  0.0000000e+00
 2.0875000e+02  0.0000000e+00  0.0000000e+00
 2.0925000e+02  0.0000000e+00  0.0000000e+00
 2.0975000e+02  0.0000000e+00  0.0000000e+00
 2.1025000e+02  0.0000000e+00  0.0000000e+00
 2.1075000e+02  0.0000000e+00  0.0000000e+00
 2.1125000e+02  0.0000000e+00  0.0000000e+00
 2.1175000e+02  0.0000000e+00  0.0000000e+00
 2.1225000e+02  0.0000000e+00  0.0000000e+00
 2.1275000e+02  0.0000000e+00  0.0000000e+00
 2.1325000e+02  0.0000000e+00  0.0000000e+00
 2.1375000e+02  0.0000000e+00  0.0000000e+00
 2.1425000e+02  0.0000000e+00  0.0000000e+00
 2.1475000e+02  0.0000000e+00  0.0000000e+00
 2.1525000e+02  0.0000000e+00  0.0000000e+00
 2.1575000e+02  0.0000000e+00  0.0000000e+00
 2.1625000e+02  0.0000000e+00  0.0000000e+00
 2.1675000e+02  0.0000000e+00  0.0000000e+00
 2.1725000e+02  0.0000000e+00  0.0000000e+00
 2.1775000e+02  0.0000000e+00  0.0000000e+00
 2.1825000e+02  0.0000000e+00  0.0000000e+00
 2.1875000e+02  0.0000000e+00  0.0000000e+00
 2.1925000e+02  0.0000000e+00  0.0000000e+00
 2.1975000e+02  0.0000000e+00  0.0000000e+00
 2.2025000e+02  0.0000000e+00  0.0000000e+00
 2.2075000e+02  0.0000000e+00  0.0000000e+00
 2.2125000e+02  0.0000000e+00  0.0000000e+00
 2.2175000e+02  0.0000000e+00  0.0000000e+00
 2.2225000e+02  0.0000000e+00  0.0000000e+00
 2.2275000e+02  0.0000000e+00  0.0000000e+00
 2.2325000e+02  0.0000000e+00  0.0000000e+00
 2.2375000e+02  0.0000000e+00  0.0000000e+00
 2.2425000e+02  0.0000000e+00  0.0000000e+00
 2.2475000e+02  0.0000000e+00  0.0000000e+00
 2.2525000e+02  0.0000000e+00  0.0000000e+00
 2.2575000e+02  0.0000000e+00  0.0000000e+00
 2.2625000e+02  0.0000000e+00  0.0000000e+00
 2.2675000e+02  0.0000000e+00  0.0000000e+00
 2.2725000e+02  0.0000000e+00  0.0000000e+00
 2.2775000e+02  0.0000000e+00  0.0000000e+00
 2.2825000e+02  0.0000000e+00  0.0000000e+00
 2.2875000e+02  0.0000000e+00  0.0000000e+00
 2.2925000e+02  0.0000000e+00  0.0000000e+00
 2.2975000e+02  0.0000000e+00  0.0000000e+00
 2.3025000e+02  0.0000000e+00  0.0000000e+00
 2.3075000e+02  0.0000000e+00  0.0000000e+00
 2.3125000e+02  0.0000000e+00  0.0000000e+00
 2.3175000e+02  0.0000000e+00  0.0000000e+00
 2.3225000e+02  0.0000000e+00  0.0000000e+00
 2.3275000e+02  0.0000000e+00  0.0000000e+00
 2.3325000e+02  0.0000000e+00  0.0000000e+00
 2.3375000e+02  0.0000000e+00  0.0000000e+00
 2.3425000e+02  0.0000000e+00  0.0000000e+00
 2.3475000e+02  0.0000000e+00  0.0000000e+00
 2.3525000e+02  0.0000000e+00  0.0000000e+00
 2.3575000e+02  0.0000000e+00  0.0000000e+00
 2.3625000e+02  0.0000000e+00  0.0000000e+00
 2.3675000e+02  0.0000000e+00  0.0000000e+00
 2.3725000e+02  0.0000000e+00  0.0000000e+00
 2.3775000e+02  0.0000000e+00  0.0000000e+00
 2.3825000e+02  0.0000000e+00  0.0000000e+00
 2.3875000e+02  0.0000000e+00  0.0000000e+00
 2.3925000e+02  0.0000000e+00  0.0000000e+00
 2.3975000e+02  0.0000000e+00  0.0000000e+00
 2.4025000e+02  0.0000000e+00  0.0000000e+00
 2.4075000e+02  0.0000000e+00  0.0000000e+00
 2.4125000e+02  0.0000000e+00  0.0000000e+00
 2.4175000e+02  0.0000000e+00  0.0000000e+00
 2.4225000e+02  0.0000000e+00  0.0000000e+00
 2.4275000e+02  0.0000000e+00  0.0000000e+00
 2.4325000e+02  0.0000000e+00  0.0000000e+00
 2.4375000e+02  0.0000000e+00  0.0000000e+00
 2.4425000e+02  0.0000000e+00  0.0000000e+00
 2.4475000e+02  0.0000000e+00  0.0000000e+00
 2.4525000e+02  0.0000000e+00  0.0000000e+00
 2.4575000e+02  0.0000000e+00  0.0000000e+00
 2.4625000e+02  0.0000000e+00  0.0000000e+00
 2.4675000e+02  0.0000000e+00  0.0000000e+00
 2.4725000e+02  0.0000000e+00  0.0000000e+00
 2.4775000e+02  0.0000000e+00  0.0000000e+00
 2.4825000e+02  0.0000000e+00  0.0000000e+00
 2.4875000e+02  0.0000000e+00  0.0000000e+00
 2.4925000e+02  0.0000000e+00  0.0000000e+00
 2.4975000e+02  0.0000000e+00  0.0000000e+00
 2.5025000e+02  0.0000000e+00  0.0000000e+00
 2.5075000e+02  0.0000000e+00  0.0000000e+00
 2.5125000e+02  0.0000000e+00  0.0000000e+00
 2.5175000e+02  0.0000000e+00  0.0000000e+00
 2.5225000e+02  0.0000000e+00  0.0000000e+00
 2.5275000e+02  0.0000000e+00  0.0000000e+00
 2.5325000e+02  0.0000000e+00  0.0000000e+00
 2.5375000e+02  0.0000000e+00  0.0000000e+00
 2.5425000e+02  0.0000000e+00  0.0000000e+00
 2.5475000e+02  0.0000000e+00  0.0000000e+00
 2.5525000e+02  0.0000000e+00  0.0000000e+00
 2.5575000e+02  0.0000000e+00  0.0000000e+00
 2.5625000e+02  0.0000000e+00  0.0000000e+00
 2.5675000e+02  0.0000000e+00  0.0000000e+00
 2.5725000e+02  0.0000000e+00  0.0000000e+00
 2.5775000e+02  0.0000000e+00  0.0000000e+00
 2.5825000e+02  0.0000000e+00  0.0000000e+00
 2.5875000e+02  0.0000000e+00  0.0000000e+00
 2.5925000e+02  0.0000000e+00  0.0000000e+00
 2.5975000e+02  0.0000000e+00  0.0000000e+00
 2.6025000e+02  0.0000000e+00  0.0000000e+00
 2.6075000e+02  0.0000000e+00  0.0000000e+00
 2.6125000e+02  0.0000000e+00  0.0000000e+00
 2.6175000e+02  0.0000000e+00  0.0000000e+00
 2.6225000e+02  0.0000000e+00  0.0000000e+00
 2.6275000e+02  0.0000000e+00  0.0000000e+00
 2.6325000e+02  0.0000000e+00  0.0000000e+00
 2.6375000e+02  0.0000000e+00  0.0000000e+00
 2.6425000e+02  0.0000000e+00  0.0000000e+00
 2.6475000e+02  0.0000000e+00  0.0000000e+00
 2.6525000e+02  0.0000000e+00  0.0000000e+00
 2.6575000e+02  0.0000000e+00  0.0000000e+00
 2.6625000e+02  0.0000000e+00  0.0000000e+00
 2.6675000e+02  0.0000000e+00  0.0000000e+00
 2.6725000e+02  0.0000000e+00  0.0000000e+00
 2.6775000e+02  0.0000000e+00  0.0000000e+00
 2.6825000e+02  0.0000000e+00  0.0000000e+00
 2.6875000e+02  0.0000000e+00  0.0000000e+00
 2.6925000e+02  0.0000000e+00  0.0000000e+00
 2.6975000e+02  0.0000000e+00  0.0000000e+00
 2.7025000e+02  0.0000000e+00  0.0000000e+00
 2.7075000e+02  0.0000000e+00  0.0000000e+00
 2.7125000e+02  0.0000000e+00  0.0000000e+00
 2.7175000e+02  0.0000000e+00  0.0000000e+00
 2.7225000e+02  0.0000000e+00  0.0000000e+00
 2.7275000e+02  0.0000000e+00  0.0000000e+00
 2.7325000e+02  0.0000000e+00  0.0000000e+00
 2.7375000e+02  0.0000000e+00  0.0000000e+00
 2.7425000e+02  0.0000000e+00  0.0000000e+00
 2.7475000e+02  0.0000000e+00  0.0000000e+00
 2.7525000e+02  0.0000000e+00  0.0000000e+00
 2.7575000e+02  0.0000000e+00  0.0000000e+00
 2.7625000e+02  0.0000000e+00  0.0000000e+00
 2.7675000e+02  0.0000000e+00  0.0000000e+00
 2.7725000e+02  0.0000000e+00  0.0000000e+00
 2.7775000e+02  0.0000000e+00  0.0000000e+00
 2.7825000e+02  0.0000000e+00  0.0000000e+00
 2.7875000e+02  0.0000000e+00  0.0000000e+00
 2.7925000e+02  0.0000000e+00  0.0000000e+00
 2.7975000e+02  0.0000000e+00  0.0000000e+00
 2.8025000e+02  0.0000000e+00  0.0000000e+00
 2.8075000e+02  0.0000000e+00  0.0000000e+00
 2.8125000e+02  0.0000000e+00  0.0000000e+00
 2.8175000e+02  0.0000000e+00  0.0000000e+00
 2.8225000e+02  0.0000000e+00  0.0000000e+00
 2.8275000e+02  0.0000000e+00  0.0000000e+00
 2.8325000e+02  0.0000000e+00  0.0000000e+00
 2.8375000e+02  0.0000000e+00  0.0000000e+00
 2.8425000e+02  0.0000000e+00  0.0000000e+00
 2.8475000e+02  0.0000000e+00  0.0000000e+00
 2.8525000e+02  0.0000000e+00  0.0000000e+00
 2.8575000e+02  0.0000000e+00  0.0000000e+00
 2.8625000e+02  0.0000000e+00  0.0000000e+00
 2.8675000e+02  0.0000000e+00  0.0000000e+00
 2.8725000e+02  0.0000000e+00  0.0000000e+00
 2.8775000e+02  0.0000000e+00  0.0000000e+00
 2.8825000e+02  0.0000000e+00  0.0000000e+00
 2.8875000e+02  0.0000000e+00  0.0000000e+00
 2.8925000e+02  0.0000000e+00  0.0000000e+00
 2.8975000e+02  0.0000000e+00  0.0000000e+00
 2.9025000e+02  0.0000000e+00  0.0000000e+00
 2.9075000e+02  0.0000000e+00  0.0000000e+00
 2.9125000e+02  0.0000000e+00  0.0000000e+00
 2.9175000e+02  0.0000000e+00  0.0000000e+00
 2.9225000e+02  0.0000000e+00  0.0000000e+00
 2.9275000e+02  0.0000000e+00  0.0000000e+00
 2.9325000e+02  0.0000000e+00  0.0000000e+00
 2.9375000e+02  0.0000000e+00  0.0000000e+00
 2.9425000e+02  0.0000000e+00  0.0000000e+00
 2.9475000e+02  0.0000000e+00  0.0000000e+00
 2.9525000e+02  0.0000000e+00  0.0000000e+00
 2.9575000e+02  0.0000000e+00  0.0000000e+00
 2.9625000e+02  0.0000000e+00  0.0000000e+00
 2.9675000e+02  0.0000000e+00  0.0000000e+00
 2.9725000e+02  0.0000000e+00  0.0000000e+00
 2.9775000e+02  0.0000000e+00  0.0000000e+00
 2.9825000e+02  0.0000000e+00  0.0000000e+00
 2.9875000e+02  0.0000000e+00  0.0000000e+00
 2.9925000e+02  0.0000000e+00  0.0000000e+00
 2.9975000e+02  0.0000000e+00  0.0000000e+00
 3.0025000e+02  0.0000000e+00  0.0000000e+00
 3.0075000e+02  0.0000000e+00  0.0000000e+00
 3.0125000e+02  0.0000000e+00  0.0000000e+00
 3.0175000e+02  0.0000000e+00  0.0000000e+00
 3.0225000e+02  0.0000000e+00  0.0000000e+00
 3.0275000e+02  0.0000000e+00  0.0000000e+00
 3.0325000e+02  0.0000000e+00  0.0000000e+00
 3.0375000e+02  0.0000000e+00  0.0000000e+00
 3.0425000e+02  0.0000000e+00  0.0000000e+00
 3.0475000e+02  0.0000000e+00  0.0000000e+00
 3.0525000e+02  0.0000000e+00  0.0000000e+00
 3.0575000e+02  0.0000000e+00  0.0000000e+00
 3.0625000e+02  0.0000000e+00  0.0000000e+00
 3.0675000e+02  0.0000000e+00  0.0000000e+00
 3.0725000e+02  0.0000000e+00  0.0000000e+00
 3.0775000e+02  0.0000000e+00  0.0000000e+00
 3.0825000e+02  0.0000000e+00  0.0000000e+00
 3.0875000e+02  0.0000000e+00  0.0000000e+00
 3.0925000e+02  0.0000000e+00  0.0000000e+00
 3.0975000e+02  0.0000000e+00  0.0000000e+00
 3.1025000e+02  0.0000000e+00  0.0000000e+00
 3.1075000e+02  0.0000000e+00  0.0000000e+00
 3.1125000e+02  0.0000000e+00  0.0000000e+00
 3.1175000e+02  0.0000000e+00  0.0000000e+00
 3.1225000e+02  0.0000000e+00  0.0000000e+00
 3.1275000e+02  0.0000000e+00  0.0000000e+00
 3.1325000e+02  0.0000000e+00  0.0000000e+00
 3.1375000e+02  0.0000000e+00  0.0000000e+00
 3.1425000e+02  0.0000000e+00  0.0000000e+00
 3.1475000e+02  0.0000000e+00  0.0000000e+00
 3.1525000e+02  0.0000000e+00  0.0000000e+00
 3.1575000e+02  0.0000000e+00  0.0000000e+00
 3.1625000e+02  0.0000000e+00  0.0000000e+00
 3.1675000e+02  0.0000000e+00  0.0000000e+00
 3.1725000e+02  0.0000000e+00  0.0000000e+00
 3.1775000e+02  0.0000000e+00  0.0000000e+00
 3.1825000e+02  0.0000000e+00  0.0000000e+00
 3.1875000e+02  0.0000000e+00  0.0000000e+00
 3.1925000e+02  0.0000000e+00  0.0000000e+00
 3.1975000e+02  0.0000000e+00  0.0000000e+00
 3.2025000e+02  0.0000000e+00  0.0000000e+00
 3.2075000e+02  0.0000000e+00  0.0000000e+00
 3.2125000e+02  0.0000000e+00  0.0000000e+00
 3.2175000e+02  0.0000000e+00  0.0000000e+00
 3.2225000e+02  0.0000000e+00  0.0000000e+00
 3.2275000e+02  0.0000000e+00  0.0000000e+00
 3.2325000e+02  0.0000000e+00  0.0000000e+00
 3.2375000e+02  0.0000000e+00  0.0000000e+00
 3.2425000e+02  0.0000000e+00  0.0000000e+00
 3.2475000e+02  0.0000000e+00  0.0000000e+00
 3.2525000e+02  0.0000000e+00  0.0000000e+00
 3.2575000e+02  0.0000000e+00  0.0000000e+00
 3.2625000e+02  0.0000000e+00  0.0000000e+00
 3.2675000e+02  0.0000000e+00  0.0000000e+00
 3.2725000e+02  0.0000000e+00  0.0000000e+00
 3.2775000e+02  0.0000000e+00  0.0000000e+00
 3.2825000e+02  0.0000000e+00  0.0000000e+00
 3.2875000e+02  0.0000000e+00  0.0000000e+00
 3.2925000e+02  0.0000000e+00  0.0000000e+00
 3.2975000e+02  0.0000000e+00  0.0000000e+00
 3.3025000e+02  0.0000000e+00  0.0000000e+00
 3.3075000e+02  0.0000000e+00  0.0000000e+00
 3.3125000e+02  0.0000000e+00  0.0000000e+00
 3.3175000e+02  0.0000000e+00  0.0000000e+00
 3.3225000e+02  0.0000000e+00  0.0000000e+00
 3.3275000e+02  0.0000000e+00  0.0000000e+00
 3.3325000e+02  0.0000000e+00  0.0000000e+00
 3.3375000e+02  0.0000000e+00  0.0000000e+00
 3.3425000e+02  0.0000000e+00  0.0000000e+00
 3.3475000e+02  0.0000000e+00  0.0000000e+00
 3.3525000e+02  0.0000000e+00  0.0000000e+00
 3.3575000e+02  0.0000000e+00  0.0000000e+00
 3.3625000e+02  0.0000000e+00  0.0000000e+00
 3.3675000e+02  0.0000000e+00  0.0000000e+00
 3.3725000e+02  0.0000000e+00  0.0000000e+00
 3.3775000e+02  0.0000000e+00  0.0000000e+00
 3.3825000e+02  0.0000000e+00  0.0000000e+00
 3.3875000e+02  0.0000000e+00  0.0000000e+00
 3.3925000e+02  0.0000000e+00  0.0000000e+00
 3.3975000e+02  0.0000000e+00  0.0000000e+00
 3.4025000e+02  0.0000000e+00  0.0000000e+00
 3.4075000e+02  0.0000000e+00  0.0000000e+00
 3.4125000e+02  0.0000000e+00  0.0000000e+00
 3.4175000e+02  0.0000000e+00  0.0000000e+00
 3.4225000e+02  0.0000000e+00  0.0000000e+00
 3.4275000e+02  0.0000000e+00  0.0000000e+00
 3.4325000e+02  0.0000000e+00  0.0000000e+00
 3.4375000e+02  0.0000000e+00  0.0000000e+00
 3.4425000e+02  0.0000000e+00  0.0000000e+00
 3.4475000e+02  0.0000000e+00  0.0000000e+00
 3.4525000e+02  0.0000000e+00  0.0000000e+00
 3.4575000e+02  0.0000000e+00  0.0000000e+00
 3.4625000e+02  0.0000000e+00  0.0000000e+00
 3.4675000e+02  0.0000000e+00  0.0000000e+00
 3.4725000e+02  0.0000000e+00  0.0000000e+00
 3.4775000e+02  0.0000000e+00  0.0000000e+00
 3.4825000e+02  0.0000000e+00  0.0000000e+00
 3.4875000e+02  0.0000000e+00  0.0000000e+00
 3.4925000e+02  0.0000000e+00  0.0000000e+00
 3.4975000e+02  0.0000000e+00  0.0000000e+00
 3.5025000e+02  0.0000000e+00  0.0000000e+00
 3.5075000e+02  0.0000000e+00  0.0000000e+00
 3.5125000e+02  0.0000000e+00  0.0000000e+00
 3.5175000e+02  0.0000000e+00  0.0000000e+00
 3.5225000e+02  0.0000000e+00  0.0000000e+00
 3.5275000e+02  0.0000000e+00  0.0000000e+00
 3.5325000e+02  0.0000000e+00  0.0000000e+00
 3.5375000e+02  0.0000000e+00  0.0000000e+00
 3.5425000e+02  0.0000000e+00  0.0000000e+00
 3.5475000e+02  0.0000000e+00  0.0000000e+00
 3.5525000e+02  0.0000000e+00  0.0000000e+00
 3.5575000e+02  0.0000000e+00  0.0000000e+00
 3.5625000e+02  0.0000000e+00  0.0000000e+00
 3.5675000e+02  0.0000000e+00  0.0000000e+00
 3.5725000e+02  0.0000000e+00  0.0000000e+00
 3.5775000e+02  0.0000000e+00  0.0000000e+00
 3.5825000e+02  0.0000000e+00  0.0000000e+00
 3.5875000e+02  0.0000000e+00  0.0000000e+00
 3.5925000e+02  0.0000000e+00  0.0000000e+00
 3.5975000e+02  0.0000000e+00  0.0000000e+00
 3.6025000e+02  0.0000000e+00  0.0000000e+00
 3.6075000e+02  0.0000000e+00  0.0000000e+00
 3.6125000e+02  0.0000000e+00  0.0000000e+00
 3.6175000e+02  0.0000000e+00  0.0000000e+00
 3.6225000e+02  0.0000000e+00  0.0000000e+00
 3.6275000e+02  0.0000000e+00  0.0000000e+00
 3.6325000e+02  0.0000000e+00  0.0000000e+00
 3.6375000e+02  0.0000000e+00  0.0000000e+00
 3.6425000e+02  0.0000000e+00  0.0000000e+00
 3.6475000e+02  0.0000000e+00  0.0000000e+00
 3.6525000e+02  0.0000000e+00  0.0000000e+00
 3.6575000e+02  0.0000000e+00  0.0000000e+00
 3.6625000e+02  0.0000000e+00  0.0000000e+00
 3.6675000e+02  0.0000000e+00  0.0000000e+00
 3.6725000e+02  0.0000000e+00  0.0000000e+00
 3.6775000e+02  0.0000000e+00  0.0000000e+00
 3.6825000e+02  0.0000000e+00  0.0000000e+00
 3.6875000e+02  0.0000000e+00  0.0000000e+00
 3.6925000e+02  0.0000000e+00  0.0000000e+00
 3.6975000e+02  0.0000000e+00  0.0000000e+00
 3.7025000e+02  0.0000000e+00  0.0000000e+00
 3.7075000e+02  0.0000000e+00  0.0000000e+00
 3.7125000e+02  0.0000000e+00  0.0000000e+00
 3.7175000e+02  0.0000000e+00  0.0000000e+00
 3.7225000e+02  0.0000000e+00  0.0000000e+00
 3.7275000e+02  0.0000000e+00  0.0000000e+00
 3.7325000e+02  0.0000000e+00  0.0000000e+00
 3.7375000e+02  0.0000000e+00  0.0000000e+00
 3.7425000e+02  0.0000000e+00  0.0000000e+00
 3.7475000e+02  0.0000000e+00  0.0000000e+00
 3.7525000e+02  0.0000000e+00  0.0000000e+00
 3.7575000e+02  0.0000000e+00  0.0000000e+00
 3.7625000e+02  0.0000000e+00  0.0000000e+00
 3.7675000e+02  0.0000000e+00  0.0000000e+00
 3.7725000e+02  0.0000000e+00  0.0000000e+00
 3.7775000e+02  0.0000000e+00  0.0000000e+00
 3.7825000e+02  0.0000000e+00  0.0000000e+00
 3.7875000e+02  0.0000000e+00  0.0000000e+00
 3.7925000e+02  0.0000000e+00  0.0000000e+00
 3.7975000e+02  0.0000000e+00  0.0000000e+00
 3.8025000e+02  0.0000000e+00  0.0000000e+00
 3.8075000e+02  0.0000000e+00  0.0000000e+00
 3.8125000e+02  0.0000000e+00  0.0000000e+00
 3.8175000e+02  0.0000000e+00  0.0000000e+00
 3.8225000e+02  0.0000000e+00  0.0000000e+00
 3.8275000e+02  0.0000000e+00  0.0000000e+00
 3.8325000e+02  0.0000000e+00  0.0000000e+00
 3.8375000e+02  0.0000000e+00  0.0000000e+00
 3.8425000e+02  0.0000000e+00  0.0000000e+00
 3.8475000e+02  0.0000000e+00  0.0000000e+00
 3.8525000e+02  0.0000000e+00  0.0000000e+00
 3.8575000e+02  0.0000000e+00  0.0000000e+00
 3.8625000e+02  0.0000000e+00  0.0000000e+00
 3.8675000e+02  0.0000000e+00  0.0000000e+00
 3.8725000e+02  0.0000000e+00  0.0000000e+00
 3.8775000e+02  0.0000000e+00  0.0000000e+00
 3.8825000e+02  0.0000000e+00  0.0000000e+00
 3.8875000e+02  0.0000000e+00  0.0000000e+00
 3.8925000e+02  0.0000000e+00  0.0000000e+00
 3.8975000e+02  0.0000000e+00  0.0000000e+00
 3.9025000e+02  0.0000000e+00  0.0000000e+00
 3.9075000e+02  0.0000000e+00  0.0000000e+00
 3.9125000e+02  0.0000000e+00  0.0000000e+00
 3.9175000e+02  0.0000000e+00  0.0000000e+00
 3.9225000e+02  0.0000000e+00  0.0000000e+00
 3.9275000e+02  0.0000000e+00  0.0000000e+00
 3.9325000e+02  0.0000000e+00  0.0000000e+00
 3.9375000e+02  0.0000000e+00  0.0000000e+00
 3.9425000e+02  0.0000000e+00  0.0000000e+00
 3.9475000e+02  0.0000000e+00  0.0000000e+00
 3.9525000e+02  0.0000000e+00  0.0000000e+00
 3.9575000e+02  0.0000000e+00  0.0000000e+00
 3.9625000e+02  0.0000000e+00  0.0000000e+00
 3.9675000e+02  0.0000000e+00  0.0000000e+00
 3.9725000e+02  0.0000000e+00  0.0000000e+00
 3.9775000e+02  0.0000000e+00  0.0000000e+00
 3.9825000e+02  0.0000000e+00  0.0000000e+00
 3.9875000e+02  0.0000000e+00  0.0000000e+00
 3.9925000e+02  0.0000000e+00  0.0000000e+00
 3.9975000e+02  0.0000000e+00  0.0000000e+00
 4.0025000e+02  0.0000000e+00  0.0000000e+00
 4.0075000e+02  0.0000000e+00  0.0000000e+00
 4.0125000e+02  0.0000000e+00  0.0000000e+00
 4.0175000e+02  0.0000000e+00  0.0000000e+00
 4.0225000e+02  0.0000000e+00  0.0000000e+00
 4.0275000e+02  0.0000000e+00  0.0000000e+00
 4.0325000e+02  0.0000000e+00  0.0000000e+00
 4.0375000e+02  0.0000000e+00  0.0000000e+00
 4.0425000e+02  0.0000000e+00  0.0000000e+00
 4.0475000e+02  0.0000000e+00  0.0000000e+00
 4.0525000e+02  0.0000000e+00  0.0000000e+00
 4.0575000e+02  0.0000000e+00  0.0000000e+00
 4.0625000e+02  0.0000000e+00  0.0000000e+00
 4.0675000e+02  0.0000000e+00  0.0000000e+00
 4.0725000e+02  0.0000000e+00  0.0000000e+00
 4.0775000e+02  0.0000000e+00  0.0000000e+00
 4.0825000e+02  0.0000000e+00  0.0000000e+00
 4.0875000e+02  0.0000000e+00  0.0000000e+00
 4.0925000e+02  0.0000000e+00  0.0000000e+00
 4.0975000e+02  0.0000000e+00  0.0000000e+00
 4.1025000e+02  0.0000000e+00  0.0000000e+00
 4.1075000e+02  0.0000000e+00  0.0000000e+00
 4.1125000e+02  0.0000000e+00  0.0000000e+00
 4.1175000e+02  0.0000000e+00  0.0000000e+00
 4.1225000e+02  0.0000000e+00  0.0000000e+00
 4.1275000e+02  0.0000000e+00  0.0000000e+00
 4.1325000e+02  0.0000000e+00  0.0000000e+00
 4.1375000e+02  0.0000000e+00  0.0000000e+00
 4.1425000e+02  0.0000000e+00  0.0000000e+00
 4.1475000e+02  0.0000000e+00  0.0000000e+00
 4.1525000e+02  0.0000000e+00  0.0000000e+00
 4.1575000e+02  0.0000000e+00  0.0000000e+00
 4.1625000e+02  0.0000000e+00  0.0000000e+00
 4.1675000e+02  0.0000000e+00  0.0000000e+00
 4.1725000e+02  0.0000000e+00  0.0000000e+00
 4.1775000e+02  0.0000000e+00  0.0000000e+00
 4.1825000e+02  0.0000000e+00  0.0000000e+00
 4.1875000e+02  0.0000000e+00  0.0000000e+00
 4.1925000e+02  0.0000000e+00  0.0000000e+00
 4.1975000e+02  0.0000000e+00  0.0000000e+00
 4.2025000e+02  0.0000000e+00  0.0000000e+00
 4.2075000e+02  0.0000000e+00  0.0000000e+00
 4.2125000e+02  0.0000000e+00  0.0000000e+00
 4.2175000e+02  0.0000000e+00  0.0000000e+00
 4.2225000e+02  0.0000000e+00  0.0000000e+00
 4.2275000e+02  0.0000000e+00  0.0000000e+00
 4.2325000e+02  0.0000000e+00  0.0000000e+00
 4.2375000e+02  0.0000000e+00  0.0000000e+00
 4.2425000e+02  0.0000000e+00  0.0000000e+00
 4.2475000e+02  0.0000000e+00  0.0000000e+00
 4.2525000e+02  0.0000000e+00  0.0000000e+00
 4.2575000e+02  0.0000000e+00  0.0000000e+00
 4.2625000e+02  0.0000000e+00  0.0000000e+00
 4.2675000e+02  0.0000000e+00  0.0000000e+00
 4.2725000e+02  0.0000000e+00  0.0000000e+00
 4.2775000e+02  0.0000000e+00  0.0000000e+00
 4.2825000e+02  0.0000000e+00  0.0000000e+00
 4.2875000e+02  0.0000000e+00  0.0000000e+00
 4.2925000e+02  0.0000000e+00  0.0000000e+00
 4.2975000e+02  0.0000000e+00  0.0000000e+00
 4.3025000e+02  0.0000000e+00  0.0000000e+00
 4.3075000e+02  0.0000000e+00  0.0000000e+00
 4.3125000e+02  0.0000000e+00  0.0000000e+00
 4.3175000e+02  0.0000000e+00  0.0000000e+00
 4.3225000e+02  0.0000000e+00  0.0000000e+00
 4.3275000e+02  0.0000000e+00  0.0000000e+00
 4.3325000e+02  0.0000000e+00  0.0000000e+00
 4.3375000e+02  0.0000000e+00  0.0000000e+00
 4.3425000e+02  0.0000000e+00  0.0000000e+00
 4.3475000e+02  0.0000000e+00  0.0000000e+00
 4.3525000e+02  0.0000000e+00  0.0000000e+00
 4.3575000e+02  0.0000000e+00  0.0000000e+00
 4.3625000e+02  0.0000000e+00  0.0000000e+00
 4.3675000e+02  0.0000000e+00  0.0000000e+00
 4.3725000e+02  0.0000000e+00  0.0000000e+00
 4.3775000e+02  0.0000000e+00  0.0000000e+00
 4.3825000e+02  0.0000000e+00  0.0000000e+00
 4.3875000e+02  0.0000000e+00  0.0000000e+00
 4.3925000e+02  0.0000000e+00  0.0000000e+00
 4.3975000e+02  0.0000000e+00  0.0000000e+00
 4.4025000e+02  0.0000000e+00  0.0000000e+00
 4.4075000e+02  0.0000000e+00  0.0000000e+00
 4.4125000e+02  0.0000000e+00  0.0000000e+00
 4.4175000e+02  0.0000000e+00  0.0000000e+00
 4.4225000e+02  0.0000000e+00  0.0000000e+00
 4.4275000e+02  0.0000000e+00  0.0000000e+00
 4.4325000e+02  0.0000000e+00  0.0000000e+00
 4.4375000e+02  0.0000000e+00  0.0000000e+00
 4.4425000e+02  0.0000000e+00  0.0000000e+00
 4.4475000e+02  0.0000000e+00  0.0000000e+00
 4.4525000e+02  0.0000000e+00  0.0000000e+00
 4.4575000e+02  0.0000000e+00  0.0000000e+00
 4.4625000e+02  0.0000000e+00  0.0000000e+00
 4.4675000e+02  0.0000000e+00  0.0000000e+00
 4.4725000e+02  0.0000000e+00  0.0000000e+00
 4.4775000e+02  0.0000000e+00  0.0000000e+00
 4.4825000e+02  0.0000000e+00  0.0000000e+00
 4.4875000e+02  0.0000000e+00  0.0000000e+00
 4.4925000e+02  0.0000000e+00  0.0000000e+00
 4.4975000e+02  0.0000000e+00  0.0000000e+00
 4.5025000e+02  0.0000000e+00  0.0000000e+00
 4.5075000e+02  0.0000000e+00  0.0000000e+00
 4.5125000e+02  0.0000000e+00  0.0000000e+00
 4.5175000e+02  0.0000000e+00  0.0000000e+00
 4.5225000e+02  0.0000000e+00  0.0000000e+00
 4.5275000e+02  0.0000000e+00  0.0000000e+00
 4.5325000e+02  0.0000000e+00  0.0000000e+00
 4.5375000e+02  0.0000000e+00  0.0000000e+00
 4.5425000e+02  0.0000000e+00  0.0000000e+00
 4.5475000e+02  0.0000000e+00  0.0000000e+00
 4.5525000e+02  0.0000000e+00  0.0000000e+00
 4.5575000e+02  0.0000000e+00  0.0000000e+00
 4.5625000e+02  0.0000000e+00  0.0000000e+00
 4.5675000e+02  0.0000000e+00  0.0000000e+00
 4.5725000e+02  0.0000000e+00  0.0000000e+00
 4.5775000e+02  0.0000000e+00  0.0000000e+00
 4.5825000e+02  0.0000000e+00  0.0000000e+00
 4.5875000e+02  0.0000000e+00  0.0000000e+00
 4.5925000e+02  0.0000000e+00  0.0000000e+00
 4.5975000e+02  0.0000000e+00  0.0000000e+00
 4.6025000e+02  0.0000000e+00  0.0000000e+00
 4.6075000e+02  0.0000000e+00  0.0000000e+00
 4.6125000e+02  0.0000000e+00  0.0000000e+00
 4.6175000e+02  0.0000000e+00  0.0000000e+00
 4.6225000e+02  0.0000000e+00  0.0000000e+00
 4.6275000e+02  0.0000000e+00  0.0000000e+00
 4.6325000e+02  0.0000000e+00  0.0000000e+00
 4.6375000e+02  0.0000000e+00  0.0000000e+00
 4.6425000e+02  0.0000000e+00  0.0000000e+00
 4.6475000e+02  0.0000000e+00  0.0000000e+00
 4.6525000e+02  0.0000000e+00  0.0000000e+00
 4.6575000e+02  0.0000000e+00  0.0000000e+00
 4.6625000e+02  0.0000000e+00  0.0000000e+00
 4.6675000e+02  0.0000000e+00  0.0000000e+00
 4.6725000e+02  0.0000000e+00  0.0000000e+00
 4.6775000e+02  0.0000000e+00  0.0000000e+00
 4.6825000e+02  0.0000000e+00  0.0000000e+00
 4.6875000e+02  0.0000000e+00  0.0000000e+00
 4.6925000e+02  0.0000000e+00  0.0000000e+00
 4.6975000e+02  0.0000000e+00  0.0000000e+00
 4.7025000e+02  0.0000000e+00  0.0000000e+00
 4.7075000e+02  0.0000000e+00  0.0000000e+00
 4.7125000e+02  0.0000000e+00  0.0000000e+00
 4.7175000e+02  0.0000000e+00  0.0000000e+00
 4.7225000e+02  0.0000000e+00  0.0000000e+00
 4.7275000e+02  0.0000000e+00  0.0000000e+00
 4.7325000e+02  0.0000000e+00  0.0000000e+00
 4.7375000e+02  0.0000000e+00  0.0000000e+00
 4.7425000e+02  0.0000000e+00  0.0000000e+00
 4.7475000e+02  0.0000000e+00  0.0000000e+00
 4.7525000e+02  0.0000000e+00  0.0000000e+00
 4.7575000e+02  0.0000000e+00  0.0000000e+00
 4.7625000e+02  0.0000000e+00  0.0000000e+00
 4.7675000e+02  0.0000000e+00  0.0000000e+00
 4.7725000e+02  0.0000000e+00  0.0000000e+00
 4.7775000e+02  0.0000000e+00  0.0000000e+00
 4.7825000e+02  0.0000000e+00  0.0000000e+00
 4.7875000e+02  0.0000000e+00  0.0000000e+00
 4.7925000e+02  0.0000000e+00  0.0000000e+00
 4.7975000e+02  0.0000000e+00  0.0000000e+00
 4.8025000e+02  0.0000000e+00  0.0000000e+00
 4.8075000e+02  0.0000000e+00  0.0000000e+00
 4.8125000e+02  0.0000000e+00  0.0000000e+00
 4.8175000e+02  0.0000000e+00  0.0000000e+00
 4.8225000e+02  0.0000000e+00  0.0000000e+00
 4.8275000e+02  0.0000000e+00  0.0000000e+00
 4.8325000e+02  0.0000000e+00  0.0000000e+00
 4.8375000e+02  0.0000000e+00  0.0000000e+00
 4.8425000e+02  0.0000000e+00  0.0000000e+00
 4.8475000e+02  0.0000000e+00  0.0000000e+00
 4.8525000e+02  0.0000000e+00  0.0000000e+00
 4.8575000e+02  0.0000000e+00  0.0000000e+00
 4.8625000e+02  0.0000000e+00  0.0000000e+00
 4.8675000e+02  0.0000000e+00  0.0000000e+00
 4.8725000e+02  0.0000000e+00  0.0000000e+00
 4.8775000e+02  0.0000000e+00  0.0000000e+00
 4.8825000e+02  0.0000000e+00  0.0000000e+00
 4.8875000e+02  0.0000000e+00  0.0000000e+00
 4.8925000e+02  0.0000000e+00  0.0000000e+00
 4.8975000e+02  0.0000000e+00  0.0000000e+00
 4.9025000e+02  0.0000000e+00  0.0000000e+00
 4.9075000e+02  0.0000000e+00  0.0000000e+00
 4.9125000e+02  0.0000000e+00  0.0000000e+00
 4.9175000e+02  0.0000000e+00  0.0000000e+00
 4.9225000e+02  0.0000000e+00  0.0000000e+00
 4.9275000e+02  0.0000000e+00  0.0000000e+00
 4.9325000e+02  0.0000000e+00  0.0000000e+00
 4.9375000e+02  0.0000000e+00  0.0000000e+00
 4.9425000e+02  0.0000000e+00  0.0000000e+00
 4.9475000e+02  0.0000000e+00  0.0000000e+00
 4.9525000e+02  0.0000000e+00  0.0000000e+00
 4.9575000e+02  0.0000000e+00  0.0000000e+00
 4.9625000e+02  0.0000000e+00  0.0000000e+00
 4.9675000e+02  0.0000000e+00  0.0000000e+00
 4.9725000e+02  0.0000000e+00  0.0000000e+00
 4.9775000e+02  0.0000000e+00  0.0000000e+00
 4.9825000e+02  0.0000000e+00  0.0000000e+00
 4.9875000e+02  0.0000000e+00  0.0000000e+00
 4.9925000e+02  0.0000000e+00  0.0000000e+00
 4.9975000e+02  0.0000000e+00  0.0000000e+00
 5.0025000e+02  0.0000000e+00  0.0000000e+00
 5.0075000e+02  0.0000000e+00  0.0000000e+00
 5.0125000e+02  0.0000000e+00  0.0000000e+00
 5.0175000e+02  0.0000000e+00  0.0000000e+00
 5.0225000e+02  0.0000000e+00  0.0000000e+00
 5.0275000e+02  0.0000000e+00  0.0000000e+00
 5.0325000e+02  0.0000000e+00  0.0000000e+00
 5.0375000e+02  0.0000000e+00  0.0000000e+00
 5.0425000e+02  0.0000000e+00  0.0000000e+00
 5.0475000e+02  0.0000000e+00  0.0000000e+00
 5.0525000e+02  0.0000000e+00  0.0000000e+00
 5.0575000e+02  0.0000000e+00  0.0000000e+00
 5.0625000e+02  0.0000000e+00  0.0000000e+00
 5.0675000e+02  0.0000000e+00  0.0000000e+00
 5.0725000e+02  0.0000000e+00  0.0000000e+00
 5.0775000e+02  0.0000000e+00  0.0000000e+00
 5.0825000e+02  0.0000000e+00  0.0000000e+00
 5.0875000e+02  0.0000000e+00  0.0000000e+00
 5.0925000e+02  0.0000000e+00  0.0000000e+00
 5.0975000e+02  0.0000000e+00  0.0000000e+00
 5.1025000e+02  0.0000000e+00  0.0000000e+00
 5.1075000e+02  0.0000000e+00  0.0000000e+00
 5.1125000e+02  0.0000000e+00  0.0000000e+00
 5.1175000e+02  0.0000000e+00  0.0000000e+00
 5.1225000e+02  0.0000000e+00  0.0000000e+00
 5.1275000e+02  0.0000000e+00  0.0000000e+00
 5.1325000e+02  0.0000000e+00  0.0000000e+00
 5.1375000e+02  0.0000000e+00  0.0000000e+00
 5.1425000e+02  0.0000000e+00  0.0000000e+00
 5.1475000e+02  0.0000000e+00  0.0000000e+00
 5.1525000e+02  0.0000000e+00  0.0000000e+00
 5.1575000e+02  0.0000000e+00  0.0000000e+00
 5.1625000e+02  0.0000000e+00  0.0000000e+00
 5.1675000e+02  0.0000000e+00  0.0000000e+00
 5.1725000e+02  0.0000000e+00  0.0000000e+00
 5.1775000e+02  0.0000000e+00  0.0000000e+00
 5.1825000e+02  0.0000000e+00  0.0000000e+00
 5.1875000e+02  0.0000000e+00  0.0000000e+00
 5.1925000e+02  0.0000000e+00  0.0000000e+00
 5.1975000e+02  0.0000000e+00  0.0000000e+00
 5.2025000e+02  0.0000000e+00  0.0000000e+00
 5.2075000e+02  0.0000000e+00  0.0000000e+00
 5.2125000e+02  0.0000000e+00  0.0000000e+00
 5.2175000e+02  0.0000000e+00  0.0000000e+00
 5.2225000e+02  0.0000000e+00  0.0000000e+00
 5.2275000e+02  0.0000000e+00  0.0000000e+00
 5.2325000e+02  0.0000000e+00  0.0000000e+00
 5.2375000e+02  0.0000000e+00  0.0000000e+00
 5.2425000e+02  0.0000000e+00  0.0000000e+00
 5.2475000e+02  0.0000000e+00  0.0000000e+00
 5.2525000e+02  0.0000000e+00  0.0000000e+00
 5.2575000e+02  0.0000000e+00  0.0000000e+00
 5.2625000e+02  0.0000000e+00  0.0000000e+00
 5.2675000e+02  0.0000000e+00  0.0000000e+00
 5.2725000e+02  0.0000000e+00  0.0000000e+00
 5.2775000e+02  0.0000000e+00  0.0000000e+00
 5.2825000e+02  0.0000000e+00  0.0000000e+00
 5.2875000e+02  0.0000000e+00  0.0000000e+00
 5.2925000e+02  0.0000000e+00  0.0000000e+00
 5.2975000e+02  0.0000000e+00  0.0000000e+00
 5.3025000e+02  0.0000000e+00  0.0000000e+00
 5.3075000e+02  0.0000000e+00  0.0000000e+00
 5.3125000e+02  0.0000000e+00  0.0000000e+00
 5.3175000e+02  0.0000000e+00  0.0000000e+00
 5.3225000e+02  0.0000000e+00  0.0000000e+00
 5.3275000e+02  0.0000000e+00  0.0000000e+00
 5.3325000e+02  0.0000000e+00  0.0000000e+00
 5.3375000e+02  0.0000000e+00  0.0000000e+00
 5.3425000e+02  0.0000000e+00  0.0000000e+00
 5.3475000e+02  0.0000000e+00  0.0000000e+00
 5.3525000e+02  0.0000000e+00  0.0000000e+00
 5.3575000e+02  0.0000000e+00  0.0000000e+00
 5.3625000e+02  0.0000000e+00  0.0000000e+00
 5.3675000e+02  0.0000000e+00  0.0000000e+00
 5.3725000e+02  0.0000000e+00  0.0000000e+00
 5.3775000e+02  0.0000000e+00  0.0000000e+00
 5.3825000e+02  0.0000000e+00  0.0000000e+00
 5.3875000e+02  0.0000000e+00  0.0000000e+00
 5.3925000e+02  0.0000000e+00  0.0000000e+00
 5.3975000e+02  0.0000000e+00  0.0000000e+00
 5.4025000e+02  0.0000000e+00  0.0000000e+00
 5.4075000e+02  0.0000000e+00  0.0000000e+00
 5.4125000e+02  0.0000000e+00  0.0000000e+00
 5.4175000e+02  0.0000000e+00  0.0000000e+00
 5.4225000e+02  0.0000000e+00  0.0000000e+00
 5.4275000e+02  0.0000000e+00  0.0000000e+00
 5.4325000e+02  0.0000000e+00  0.0000000e+00
 5.4375000e+02  0.0000000e+00  0.0000000e+00
 5.4425000e+02  0.0000000e+00  0.0000000e+00
 5.4475000e+02  0.0000000e+00  0.0000000e+00
 5.4525000e+02  0.0000000e+00  0.0000000e+00
 5.4575000e+02  0.0000000e+00  0.0000000e+00
 5.4625000e+02  0.0000000e+00  0.0000000e+00
 5.4675000e+02  0.0000000e+00  0.0000000e+00
 5.4725000e+02  0.0000000e+00  0.0000000e+00
 5.4775000e+02  0.0000000e+00  0.0000000e+00
 5.4825000e+02  0.0000000e+00  0.0000000e+00
 5.4875000e+02  0.0000000e+00  0.0000000e+00
 5.4925000e+02  0.0000000e+00  0.0000000e+00
 5.4975000e+02  0.0000000e+00  0.0000000e+00
 5.5025000e+02  0.0000000e+00  0.0000000e+00
 5.5075000e+02  0.0000000e+00  0.0000000e+00
 5.5125000e+02  0.0000000e+00  0.0000000e+00
 5.5175000e+02  0.0000000e+00  0.0000000e+00
 5.5225000e+02  0.0000000e+00  0.0000000e+00
 5.5275000e+02  0.0000000e+00  0.0000000e+00
 5.5325000e+02  0.0000000e+00  0.0000000e+00
 5.5375000e+02  0.0000000e+00  0.0000000e+00
 5.5425000e+02  0.0000000e+00  0.0000000e+00
 5.5475000e+02  0.0000000e+00  0.0000000e+00
 5.5525000e+02  0.0000000e+00  0.0000000e+00
 5.5575000e+02  0.0000000e+00  0.0000000e+00
 5.5625000e+02  0.0000000e+00  0.0000000e+00
 5.5675000e+02  0.0000000e+00  0.0000000e+00
 5.5725000e+02  0.0000000e+00  0.0000000e+00
 5.5775000e+02  0.0000000e+00  0.0000000e+00
 5.5825000e+02  0.0000000e+00  0.0000000e+00
 5.5875000e+02  0.0000000e+00  0.0000000e+00
 5.5925000e+02  0.0000000e+00  0.0000000e+00
 5.5975000e+02  0.0000000e+00  0.0000000e+00
 5.6025000e+02  0.0000000e+00  0.0000000e+00
 5.6075000e+02  0.0000000e+00  0.0000000e+00
 5.6125000e+02  0.0000000e+00  0.0000000e+00
 5.6175000e+02  0.0000000e+00  0.0000000e+00
 5.6225000e+02  0.0000000e+00  0.0000000e+00
 5.6275000e+02  0.0000000e+00  0.0000000e+00
 5.6325000e+02  0.0000000e+00  0.0000000e+00
 5.6375000e+02  0.0000000e+00  0.0000000e+00
 5.6425000e+02  0.0000000e+00  0.0000000e+00
 5.6475000e+02  0.0000000e+00  0.0000000e+00
 5.6525000e+02  0.0000000e+00  0.0000000e+00
 5.6575000e+02  0.0000000e+00  0.0000000e+00
 5.6625000e+02  0.0000000e+00  0.0000000e+00
 5.6675000e+02  0.0000000e+00  0.0000000e+00
 5.6725000e+02  0.0000000e+00  0.0000000e+00
 5.6775000e+02  0.0000000e+00  0.0000000e+00
 5.6825000e+02  0.0000000e+00  0.0000000e+00
 5.6875000e+02  0.0000000e+00  0.0000000e+00
 5.6925000e+02  0.0000000e+00  0.0000000e+00
 5.6975000e+02  0.0000000e+00  0.0000000e+00
 5.7025000e+02  0.0000000e+00  0.0000000e+00
 5.7075000e+02  0.0000000e+00  0.0000000e+00
 5.7125000e+02  0.0000000e+00  0.0000000e+00
 5.7175000e+02  0.0000000e+00  0.0000000e+00
 5.7225000e+02  0.0000000e+00  0.0000000e+00
 5.7275000e+02  0.0000000e+00  0.0000000e+00
 5.7325000e+02  0.0000000e+00  0.0000000e+00
 5.7375000e+02  0.0000000e+00  0.0000000e+00
 5.7425000e+02  0.0000000e+00  0.0000000e+00
 5.7475000e+02  0.0000000e+00  0.0000000e+00
 5.7525000e+02  0.0000000e+00  0.0000000e+00
 5.7575000e+02  0.0000000e+00  0.0000000e+00
 5.7625000e+02  0.0000000e+00  0.0000000e+00
 5.7675000e+02  0.0000000e+00  0.0000000e+00
 5.7725000e+02  0.0000000e+00  0.0000000e+00
 5.7775000e+02  0.0000000e+00  0.0000000e+00
 5.7825000e+02  0.0000000e+00  0.0000000e+00
 5.7875000e+02  0.0000000e+00  0.0000000e+00
 5.7925000e+02  0.0000000e+00  0.0000000e+00
 5.7975000e+02  0.0000000e+00  0.0000000e+00
 5.8025000e+02  0.0000000e+00  0.0000000e+00
 5.8075000e+02  0.0000000e+00  0.0000000e+00
 5.8125000e+02  0.0000000e+00  0.0000000e+00
 5.8175000e+02  0.0000000e+00  0.0000000e+00
 5.8225000e+02  0.0000000e+00  0.0000000e+00
 5.8275000e+02  0.0000000e+00  0.0000000e+00
 5.8325000e+02  0.0000000e+00  0.0000000e+00
 5.8375000e+02  0.0000000e+00  0.0000000e+00
 5.8425000e+02  0.0000000e+00  0.0000000e+00
 5.8475000e+02  0.0000000e+00  0.0000000e+00
 5.8525000e+02  0.0000000e+00  0.0000000e+00
 5.8575000e+02  0.0000000e+00  0.0000000e+00
 5.8625000e+02  0.0000000e+00  0.0000000e+00
 5.8675000e+02  0.0000000e+00  0.0000000e+00
 5.8725000e+02  0.0000000e+00  0.0000000e+00
 5.8775000e+02  0.0000000e+00  0.0000000e+00
 5.8825000e+02  0.0000000e+00  0.0000000e+00
 5.8875000e+02  0.0000000e+00  0.0000000e+00
 5.8925000e+02  0.0000000e+00  0.0000000e+00
 5.8975000e+02  0.0000000e+00  0.0000000e+00
 5.9025000e+02  0.0000000e+00  0.0000000e+00
 5.9075000e+02  0.0000000e+00  0.0000000e+00
 5.9125000e+02  0.0000000e+00  0.0000000e+00
 5.9175000e+02  0.0000000e+00  0.0000000e+00
 5.9225000e+02  0.0000000e+00  0.0000000e+00
 5.9275000e+02  0.0000000e+00  0.0000000e+00
 5.9325000e+02  0.0000000e+00  0.0000000e+00
 5.9375000e+02  0.0000000e+00  0.0000000e+00
 5.9425000e+02  0.0000000e+00  0.0000000e+00
 5.9475000e+02  0.0000000e+00  0.0000000e+00
 5.9525000e+02  0.0000000e+00  0.0000000e+00
 5.9575000e+02  0.0000000e+00  0.0000000e+00
 5.9625000e+02  0.0000000e+00  0.0000000e+00
 5.9675000e+02  0.0000000e+00  0.0000000e+00
 5.9725000e+02  0.0000000e+00  0.0000000e+00
 5.9775000e+02  0.0000000e+00  0.0000000e+00
 5.9825000e+02  0.0000000e+00  0.0000000e+00
 5.9875000e+02  0.0000000e+00  0.0000000e+00
 5.9925000e+02  0.0000000e+00  0.0000000e+00
 5.9975000e+02  0.0000000e+00  0.0000000e+00
 6.0025000e+02  0.0000000e+00  0.0000000e+00
 6.0075000e+02  0.0000000e+00  0.0000000e+00
 6.0125000e+02  0.0000000e+00  0.0000000e+00
 6.0175000e+02  0.0000000e+00  0.0000000e+00
 6.0225000e+02  0.0000000e+00  0.0000000e+00
 6.0275000e+02  0.0000000e+00  0.0000000e+00
 6.0325000e+02  0.0000000e+00  0.0000000e+00
 6.0375000e+02  0.0000000e+00  0.0000000e+00
 6.0425000e+02  0.0000000e+00  0.0000000e+00
 6.0475000e+02  0.0000000e+00  0.0000000e+00
 6.0525000e+02  0.0000000e+00  0.0000000e+00
 6.0575000e+02  0.0000000e+00  0.0000000e+00
 6.0625000e+02  0.0000000e+00  0.0000000e+00
 6.0675000e+02  0.0000000e+00  0.0000000e+00
 6.0725000e+02  0.0000000e+00  0.0000000e+00
 6.0775000e+02  0.0000000e+00  0.0000000e+00
 6.0825000e+02  0.0000000e+00  0.0000000e+00
 6.0875000e+02  0.0000000e+00  0.0000000e+00
 6.0925000e+02  0.0000000e+00  0.0000000e+00
 6.0975000e+02  0.0000000e+00  0.0000000e+00
 6.1025000e+02  0.0000000e+00  0.0000000e+00
 6.1075000e+02  0.0000000e+00  0.0000000e+00
 6.1125000e+02  0.0000000e+00  0.0000000e+00
 6.1175000e+02  0.0000000e+00  0.0000000e+00
 6.1225000e+02  0.0000000e+00  0.0000000e+00
 6.1275000e+02  0.0000000e+00  0.0000000e+00
 6.1325000e+02  0.0000000e+00  0.0000000e+00
 6.1375000e+02  0.0000000e+00  0.0000000e+00
 6.1425000e+02  0.0000000e+00  0.0000000e+00
 6.1475000e+02  0.0000000e+00  0.0000000e+00
 6.1525000e+02  0.0000000e+00  0.0000000e+00
 6.1575000e+02  0.0000000e+00  0.0000000e+00
 6.1625000e+02  0.0000000e+00  0.0000000e+00
 6.1675000e+02  0.0000000e+00  0.0000000e+00
 6.1725000e+02  0.0000000e+00  0.0000000e+00
 6.1775000e+02  0.0000000e+00  0.0000000e+00
 6.1825000e+02  0.0000000e+00  0.0000000e+00
 6.1875000e+02  0.0000000e+00  0.0000000e+00
 6.1925000e+02  0.0000000e+00  0.0000000e+00
 6.1975000e+02  0.0000000e+00  0.0000000e+00
 6.2025000e+02  0.0000000e+00  0.0000000e+00
 6.2075000e+02  0.0000000e+00  0.0000000e+00
 6.2125000e+02  0.0000000e+00  0.0000000e+00
 6.2175000e+02  0.0000000e+00  0.0000000e+00
 6.2225000e+02  0.0000000e+00  0.0000000e+00
 6.2275000e+02  0.0000000e+00  0.0000000e+00
 6.2325000e+02  0.0000000e+00  0.0000000e+00
 6.2375000e+02  0.0000000e+00  0.0000000e+00
 6.2425000e+02  0.0000000e+00  0.0000000e+00
 6.2475000e+02  0.0000000e+00  0.0000000e+00
 6.2525000e+02  0.0000000e+00  0.0000000e+00
 6.2575000e+02  0.0000000e+00  0.0000000e+00
 6.2625000e+02  0.0000000e+00  0.0000000e+00
 6.2675000e+02  0.0000000e+00  0.0000000e+00
 6.2725000e+02  0.0000000e+00  0.0000000e+00
 6.2775000e+02  0.0000000e+00  0.0000000e+00
 6.2825000e+02  0.0000000e+00  0.0000000e+00
 6.2875000e+02  0.0000000e+00  0.0000000e+00
 6.2925000e+02  0.0000000e+00  0.0000000e+00
 6.2975000e+02  0.0000000e+00  0.0000000e+00
 6.3025000e+02  0.0000000e+00  0.0000000e+00
 6.3075000e+02  0.0000000e+00  0.0000000e+00
 6.3125000e+02  0.0000000e+00  0.0000000e+00
 6.3175000e+02  0.0000000e+00  0.0000000e+00
 6.3225000e+02  0.0000000e+00  0.0000000e+00
 6.3275000e+02  0.0000000e+00  0.0000000e+00
 6.3325000e+02  0.0000000e+00  0.0000000e+00
 6.3375000e+02  0.0000000e+00  0.0000000e+00
 6.3425000e+02  0.0000000e+00  0.0000000e+00
 6.3475000e+02  0.0000000e+00  0.0000000e+00
 6.3525000e+02  0.0000000e+00  0.0000000e+00
 6.3575000e+02  0.0000000e+00  0.0000000e+00
 6.3625000e+02  0.0000000e+00  0.0000000e+00
 6.3675000e+02  0.0000000e+00  0.0000000e+00
 6.3725000e+02  0.0000000e+00  0.0000000e+00
 6.3775000e+02  0.0000000e+00  0.0000000e+00
 6.3825000e+02  0.0000000e+00  0.0000000e+00
 6.3875000e+02  0.0000000e+00  0.0000000e+00
 6.3925000e+02  0.0000000e+00  0.0000000e+00
 6.3975000e+02  0.0000000e+00  0.0000000e+00
 6.4025000e+02  0.0000000e+00  0.0000000e+00
 6.4075000e+02  0.0000000e+00  0.0000000e+00
 6.4125000e+02  0.0000000e+00  0.0000000e+00
 6.4175000e+02  0.0000000e+00  0.0000000e+00
 6.4225000e+02  0.0000000e+00  0.0000000e+00
 6.4275000e+02  0.0000000e+00  0.0000000e+00
 6.4325000e+02  0.0000000e+00  0.0000000e+00
 6.4375000e+02  0.0000000e+00  0.0000000e+00
 6.4425000e+02  0.0000000e+00  0.0000000e+00
 6.4475000e+02  0.0000000e+00  0.0000000e+00
 6.4525000e+02  0.0000000e+00  0.0000000e+00
 6.4575000e+02  0.0000000e+00  0.0000000e+00
 6.4625000e+02  0.0000000e+00  0.0000000e+00
 6.4675000e+02  0.0000000e+00  0.0000000e+00
 6.4725000e+02  0.0000000e+00  0.0000000e+00
 6.4775000e+02  0.0000000e+00  0.0000000e+00
 6.4825000e+02  0.0000000e+00  0.0000000e+00
 6.4875000e+02  0.0000000e+00  0.0000000e+00
 6.4925000e+02  0.0000000e+00  0.0000000e+00
 6.4975000e+02  0.0000000e+00  0.0000000e+00
 6.5025000e+02  0.0000000e+00  0.0000000e+00
 6.5075000e+02  0.0000000e+00  0.0000000e+00
 6.5125000e+02  0.0000000e+00  0.0000000e+00
 6.5175000e+02  0.0000000e+00  0.0000000e+00
 6.5225000e+02  0.0000000e+00  0.0000000e+00
 6.5275000e+02  0.0000000e+00  0.0000000e+00
 6.5325000e+02  0.0000000e+00  0.0000000e+00
 6.5375000e+02  0.0000000e+00  0.0000000e+00
 6.5425000e+02  0.0000000e+00  0.0000000e+00
 6.5475000e+02  0.0000000e+00  0.0000000e+00
 6.5525000e+02  0.0000000e+00  0.0000000e+00
 6.5575000e+02  0.0000000e+00  0.0000000e+00
 6.5625000e+02  0.0000000e+00  0.0000000e+00
 6.5675000e+02  0.0000000e+00  0.0000000e+00
 6.5725000e+02  0.0000000e+00  0.0000000e+00
 6.5775000e+02  0.0000000e+00  0.0000000e+00
 6.5825000e+02  0.0000000e+00  0.0000000e+00
 6.5875000e+02  0.0000000e+00  0.0000000e+00
 6.5925000e+02  0.0000000e+00  0.0000000e+00
 6.5975000e+02  0.0000000e+00  0.0000000e+00
 6.6025000e+02  0.0000000e+00  0.0000000e+00
 6.6075000e+02  0.0000000e+00  0.0000000e+00
 6.6125000e+02  0.0000000e+00  0.0000000e+00
 6.6175000e+02  0.0000000e+00  0.0000000e+00
 6.6225000e+02  0.0000000e+00  0.0000000e+00
 6.6275000e+02  0.0000000e+00  0.0000000e+00
 6.6325000e+02  0.0000000e+00  0.0000000e+00
 6.6375000e+02  0.0000000e+00  0.0000000e+00
 6.6425000e+02  0.0000000e+00  0.0000000e+00
 6.6475000e+02  0.0000000e+00  0.0000000e+00
 6.6525000e+02  0.0000000e+00  0.0000000e+00
 6.6575000e+02  0.0000000e+00  0.0000000e+00
 6.6625000e+02  0.0000000e+00  0.0000000e+00
 6.6675000e+02  0.0000000e+00  0.0000000e+00
 6.6725000e+02  0.0000000e+00  0.0000000e+00
 6.6775000e+02  0.0000000e+00  0.0000000e+00
 6.6825000e+02  0.0000000e+00  0.0000000e+00
 6.6875000e+02  0.0000000e+00  0.0000000e+00
 6.6925000e+02  0.0000000e+00  0.0000000e+00
 6.6975000e+02  0.0000000e+00  0.0000000e+00
 6.7025000e+02  0.0000000e+00  0.0000000e+00
 6.7075000e+02  0.0000000e+00  0.0000000e+00
 6.7125000e+02  0.0000000e+00  0.0000000e+00
 6.7175000e+02  0.0000000e+00  0.0000000e+00
 6.7225000e+02  0.0000000e+00  0.0000000e+00
 6.7275000e+02  0.0000000e+00  0.0000000e+00
 6.7325000e+02  0.0000000e+00  0.0000000e+00
 6.7375000e+02  0.0000000e+00  0.0000000e+00
 6.7425000e+02  0.0000000e+00  0.0000000e+00
 6.7475000e+02  0.0000000e+00  0.0000000e+00
 6.7525000e+02  0.0000000e+00  0.0000000e+00
 6.7575000e+02  0.0000000e+00  0.0000000e+00
 6.7625000e+02  0.0000000e+00  0.0000000e+00
 6.7675000e+02  0.0000000e+00  0.0000000e+00
 6.7725000e+02  0.0000000e+00  0.0000000e+00
 6.7775000e+02  0.0000000e+00  0.0000000e+00
 6.7825000e+02  0.0000000e+00  0.0000000e+00
 6.7875000e+02  0.0000000e+00  0.0000000e+00
 6.7925000e+02  0.0000000e+00  0.0000000e+00
 6.7975000e+02  0.0000000e+00  0.0000000e+00
 6.8025000e+02  0.0000000e+00  0.0000000e+00
 6.8075000e+02  0.0000000e+00  0.0000000e+00
 6.8125000e+02  0.0000000e+00  0.0000000e+00
 6.8175000e+02  0.0000000e+00  0.0000000e+00
 6.8225000e+02  0.0000000e+00  0.0000000e+00
 6.8275000e+02  0.0000000e+00  0.0000000e+00
 6.8325000e+02  0.0000000e+00  0.0000000e+00
 6.8375000e+02  0.0000000e+00  0.0000000e+00
 6.8425000e+02  0.0000000e+00  0.0000000e+00
 6.8475000e+02  0.0000000e+00  0.0000000e+00
 6.8525000e+02  0.0000000e+00  0.0000000e+00
 6.8575000e+02  0.0000000e+00  0.0000000e+00
 6.8625000e+02  0.0000000e+00  0.0000000e+00
 6.8675000e+02  0.0000000e+00  0.0000000e+00
 6.8725000e+02  0.0000000e+00  0.0000000e+00
 6.8775000e+02  0.0000000e+00  0.0000000e+00
 6.8825000e+02  0.0000000e+00  0.0000000e+00
 6.8875000e+02  0.0000000e+00  0.0000000e+00
 6.8925000e+02  0.0000000e+00  0.0000000e+00
 6.8975000e+02  0.0000000e+00  0.0000000e+00
 6.9025000e+02  0.0000000e+00  0.0000000e+00
 6.9075000e+02  0.0000000e+00  0.0000000e+00
 6.9125000e+02  0.0000000e+00  0.0000000e+00
 6.9175000e+02  0.0000000e+00  0.0000000e+00
 6.9225000e+02  0.0000000e+00  0.0000000e+00
 6.9275000e+02  0.0000000e+00  0.0000000e+00
 6.9325000e+02  0.0000000e+00  0.0000000e+00
 6.9375000e+02  0.0000000e+00  0.0000000e+00
 6.9425000e+02  0.0000000e+00  0.0000000e+00
 6.9475000e+02  0.0000000e+00  0.0000000e+00
 6.9525000e+02  0.0000000e+00  0.0000000e+00
 6.9575000e+02  0.0000000e+00  0.0000000e+00
 6.9625000e+02  0.0000000e+00  0.0000000e+00
 6.9675000e+02  0.0000000e+00  0.0000000e+00
 6.9725000e+02  0.0000000e+00  0.0000000e+00
 6.9775000e+02  0.0000000e+00  0.0000000e+00
 6.9825000e+02  0.0000000e+00  0.0000000e+00
 6.9875000e+02  0.0000000e+00  0.0000000e+00
 6.9925000e+02  0.0000000e+00  0.0000000e+00
 6.9975000e+02  0.0000000e+00  0.0000000e+00
 7.0025000e+02  0.0000000e+00  0.0000000e+00
 7.0075000e+02  0.0000000e+00  0.0000000e+00
 7.0125000e+02  0.0000000e+00  0.0000000e+00
 7.0175000e+02  0.0000000e+00  0.0000000e+00
 7.0225000e+02  0.0000000e+00  0.0000000e+00
 7.0275000e+02  0.0000000e+00  0.0000000e+00
 7.0325000e+02  0.0000000e+00  0.0000000e+00
 7.0375000e+02  0.0000000e+00  0.0000000e+00
 7.0425000e+02  0.0000000e+00  0.0000000e+00
 7.0475000e+02  0.0000000e+00  0.0000000e+00
 7.0525000e+02  0.0000000e+00  0.0000000e+00
 7.0575000e+02  0.0000000e+00  0.0000000e+00
 7.0625000e+02  0.0000000e+00  0.0000000e+00
 7.0675000e+02  0.0000000e+00  0.0000000e+00
 7.0725000e+02  0.0000000e+00  0.0000000e+00
 7.0775000e+02  0.0000000e+00  0.0000000e+00
 7.0825000e+02  0.0000000e+00  0.0000000e+00
 7.0875000e+02  0.0000000e+00  0.0000000e+00
 7.0925000e+02  0.0000000e+00  0.0000000e+00
 7.0975000e+02  0.0000000e+00  0.0000000e+00
 7.1025000e+02  0.0000000e+00  0.0000000e+00
 7.1075000e+02  0.0000000e+00  0.0000000e+00
 7.1125000e+02  0.0000000e+00  0.0000000e+00
 7.1175000e+02  0.0000000e+00  0.0000000e+00
 7.1225000e+02  0.0000000e+00  0.0000000e+00
 7.1275000e+02  0.0000000e+00  0.0000000e+00
 7.1325000e+02  0.0000000e+00  0.0000000e+00
 7.1375000e+02  0.0000000e+00  0.0000000e+00
 7.1425000e+02  0.0000000e+00  0.0000000e+00
 7.1475000e+02  0.0000000e+00  0.0000000e+00
 7.1525000e+02  0.0000000e+00  0.0000000e+00
 7.1575000e+02  0.0000000e+00  0.0000000e+00
 7.1625000e+02  0.0000000e+00  0.0000000e+00
 7.1675000e+02  0.0000000e+00  0.0000000e+00
 7.1725000e+02  0.0000000e+00  0.0000000e+00
 7.1775000e+02  0.0000000e+00  0.0000000e+00
 7.1825000e+02  0.0000000e+00  0.0000000e+00
 7.1875000e+02  0.0000000e+00  0.0000000e+00
 7.1925000e+02  0.0000000e+00  0.0000000e+00
 7.1975000e+02  0.0000000e+00  0.0000000e+00
 7.2025000e+02  0.0000000e+00  0.0000000e+00
 7.2075000e+02  0.0000000e+00  0.0000000e+00
 7.2125000e+02  0.0000000e+00  0.0000000e+00
 7.2175000e+02  0.0000000e+00  0.0000000e+00
 7.2225000e+02  0.0000000e+00  0.0000000e+00
 7.2275000e+02  0.0000000e+00  0.0000000e+00
 7.2325000e+02  0.0000000e+00  0.0000000e+00
 7.2375000e+02  0.0000000e+00  0.0000000e+00
 7.2425000e+02  0.0000000e+00  0.0000000e+00
 7.2475000e+02  0.0000000e+00  0.0000000e+00
 7.2525000e+02  0.0000000e+00  0.0000000e+00
 7.2575000e+02  0.0000000e+00  0.0000000e+00
 7.2625000e+02  0.0000000e+00  0.0000000e+00
 7.2675000e+02  0.0000000e+00  0.0000000e+00
 7.2725000e+02  0.0000000e+00  0.0000000e+00
 7.2775000e+02  0.0000000e+00  0.0000000e+00
 7.2825000e+02  0.0000000e+00  0.0000000e+00
 7.2875000e+02  0.0000000e+00  0.0000000e+00
 7.2925000e+02  0.0000000e+00  0.0000000e+00
 7.2975000e+02  0.0000000e+00  0.0000000e+00
 7.3025000e+02  0.0000000e+00  0.0000000e+00
 7.3075000e+02  0.0000000e+00  0.0000000e+00
 7.3125000e+02  0.0000000e+00  0.0000000e+00
 7.3175000e+02  0.0000000e+00  0.0000000e+00
 7.3225000e+02  0.0000000e+00  0.0000000e+00
 7.3275000e+02  0.0000000e+00  0.0000000e+00
 7.3325000e+02  0.0000000e+00  0.0000000e+00
 7.3375000e+02  0.0000000e+00  0.0000000e+00
 7.3425000e+02  0.0000000e+00  0.0000000e+00
 7.3475000e+02  0.0000000e+00  0.0000000e+00
 7.3525000e+02  0.0000000e+00  0.0000000e+00
 7.3575000e+02  0.0000000e+00  0.0000000e+00
 7.3625000e+02  0.0000000e+00  0.0000000e+00
 7.3675000e+02  0.0000000e+00  0.0000000e+00
 7.3725000e+02  0.0000000e+00  0.0000000e+00
 7.3775000e+02  0.0000000e+00  0.0000000e+00
 7.3825000e+02  0.0000000e+00  0.0000000e+00
 7.3875000e+02  0.0000000e+00  0.0000000e+00
 7.3925000e+02  0.0000000e+00  0.0000000e+00
 7.3975000e+02  0.0000000e+00  0.0000000e+00
 7.4025000e+02  0.0000000e+00  0.0000000e+00
 7.4075000e+02  0.0000000e+00  0.0000000e+00
 7.4125000e+02  0.0000000e+00  0.0000000e+00
 7.4175000e+02  0.0000000e+00  0.0000000e+00
 7.4225000e+02  0.0000000e+00  0.0000000e+00
 7.4275000e+02  0.0000000e+00  0.0000000e+00
 7.4325000e+02  0.0000000e+00  0.0000000e+00
 7.4375000e+02  0.0000000e+00  0.0000000e+00
 7.4425000e+02  0.0000000e+00  0.0000000e+00
 7.4475000e+02  0.0000000e+00  0.0000000e+00
 7.4525000e+02  0.0000000e+00  0.0000000e+00
 7.4575000e+02  0.0000000e+00  0.0000000e+00
 7.4625000e+02  0.0000000e+00  0.0000000e+00
 7.4675000e+02  0.0000000e+00  0.0000000e+00
 7.4725000e+02  0.0000000e+00  0.0000000e+00
 7.4775000e+02  0.0000000e+00  0.0000000e+00
 7.4825000e+02  0.0000000e+00  0.0000000e+00
 7.4875000e+02  0.0000000e+00  0.0000000e+00
 7.4925000e+02  0.0000000e+00  0.0000000e+00
 7.4975000e+02  0.0000000e+00  0.0000000e+00
 7.5025000e+02  0.0000000e+00  0.0000000e+00
 7.5075000e+02  0.0000000e+00  0.0000000e+00
 7.5125000e+02  0.0000000e+00  0.0000000e+00
 7.5175000e+02  0.0000000e+00  0.0000000e+00
 7.5225000e+02  0.0000000e+00  0.0000000e+00
 7.5275000e+02  0.0000000e+00  0.0000000e+00
 7.5325000e+02  0.0000000e+00  0.0000000e+00
 7.5375000e+02  0.0000000e+00  0.0000000e+00
 7.5425000e+02  0.0000000e+00  0.0000000e+00
 7.5475000e+02  0.0000000e+00  0.0000000e+00
 7.5525000e+02  0.0000000e+00  0.0000000e+00
 7.5575000e+02  0.0000000e+00  0.0000000e+00
 7.5625000e+02  0.0000000e+00  0.0000000e+00
 7.5675000e+02  0.0000000e+00  0.0000000e+00
 7.5725000e+02  0.0000000e+00  0.0000000e+00
 7.5775000e+02  0.0000000e+00  0.0000000e+00
 7.5825000e+02  0.0000000e+00  0.0000000e+00
 7.5875000e+02  0.0000000e+00  0.0000000e+00
 7.5925000e+02  0.0000000e+00  0.0000000e+00
 7.5975000e+02  0.0000000e+00  0.0000000e+00
 7.6025000e+02  0.0000000e+00  0.0000000e+00
 7.6075000e+02  0.0000000e+00  0.0000000e+00
 7.6125000e+02  0.0000000e+00  0.0000000e+00
 7.6175000e+02  0.0000000e+00  0.0000000e+00
 7.6225000e+02  0.0000000e+00  0.0000000e+00
 7.6275000e+02  0.0000000e+00  0.0000000e+00
 7.6325000e+02  0.0000000e+00  0.0000000e+00
 7.6375000e+02  0.0000000e+00  0.0000000e+00
 7.6425000e+02  0.0000000e+00  0.0000000e+00
 7.6475000e+02  0.0000000e+00  0.0000000e+00
 7.6525000e+02  0.0000000e+00  0.0000000e+00
 7.6575000e+02  0.0000000e+00  0.0000000e+00
 7.6625000e+02  0.0000000e+00  0.0000000e+00
 7.6675000e+02  0.0000000e+00  0.0000000e+00
 7.6725000e+02  0.0000000e+00  0.0000000e+00
 7.6775000e+02  0.0000000e+00  0.0000000e+00
 7.6825000e+02  0.0000000e+00  0.0000000e+00
 7.6875000e+02  0.0000000e+00  0.0000000e+00
 7.6925000e+02  0.0000000e+00  0.0000000e+00
 7.6975000e+02  0.0000000e+00  0.0000000e+00
 7.7025000e+02  0.0000000e+00  0.0000000e+00
 7.7075000e+02  0.0000000e+00  0.0000000e+00
 7.7125000e+02  0.0000000e+00  0.0000000e+00
 7.7175000e+02  0.0000000e+00  0.0000000e+00
 7.7225000e+02  0.0000000e+00  0.0000000e+00
 7.7275000e+02  0.0000000e+00  0.0000000e+00
 7.7325000e+02  0.0000000e+00  0.0000000e+00
 7.7375000e+02  0.0000000e+00  0.0000000e+00
 7.7425000e+02  0.0000000e+00  0.0000000e+00
 7.7475000e+02  0.0000000e+00  0.0000000e+00
 7.7525000e+02  0.0000000e+00  0.0000000e+00
 7.7575000e+02  0.0000000e+00  0.0000000e+00
 7.7625000e+02  0.0000000e+00  0.0000000e+00
 7.7675000e+02  0.0000000e+00  0.0000000e+00
 7.7725000e+02  0.0000000e+00  0.0000000e+00
 7.7775000e+02  0.0000000e+00  0.0000000e+00
 7.7825000e+02  0.0000000e+00  0.0000000e+00
 7.7875000e+02  0.0000000e+00  0.0000000e+00
 7.7925000e+02  0.0000000e+00  0.0000000e+00
 7.7975000e+02  0.0000000e+00  0.0000000e+00
 7.8025000e+02  0.0000000e+00  0.0000000e+00
 7.8075000e+02  0.0000000e+00  0.0000000e+00
 7.8125000e+02  0.0000000e+00  0.0000000e+00
 7.8175000e+02  0.0000000e+00  0.0000000e+00
 7.8225000e+02  0.0000000e+00  0.0000000e+00
 7.8275000e+02  0.0000000e+00  0.0000000e+00
 7.8325000e+02  0.0000000e+00  0.0000000e+00
 7.8375000e+02  0.0000000e+00  0.0000000e+00
 7.8425000e+02  0.0000000e+00  0.0000000e+00
 7.8475000e+02  0.0000000e+00  0.0000000e+00
 7.8525000e+02  0.0000000e+00  0.0000000e+00
 7.8575000e+02  0.0000000e+00  0.0000000e+00
 7.8625000e+02  0.0000000e+00  0.0000000e+00
 7.8675000e+02  0.0000000e+00  0.0000000e+00
 7.8725000e+02  0.0000000e+00  0.0000000e+00
 7.8775000e+02  0.0000000e+00  0.0000000e+00
 7.8825000e+02  0.0000000e+00  0.0000000e+00
 7.8875000e+02  0.0000000e+00  0.0000000e+00
 7.8925000e+02  0.0000000e+00  0.0000000e+00
 7.8975000e+02  0.0000000e+00  0.0000000e+00
 7.9025000e+02  0.0000000e+00  0.0000000e+00
 7.9075000e+02  0.0000000e+00  0.0000000e+00
 7.9125000e+02  0.0000000e+00  0.0000000e+00
 7.9175000e+02  0.0000000e+00  0.0000000e+00
 7.9225000e+02  0.0000000e+00  0.0000000e+00
 7.9275000e+02  0.0000000e+00  0.0000000e+00
 7.9325000e+02  0.0000000e+00  0.0000000e+00
 7.9375000e+02  0.0000000e+00  0.0000000e+00
 7.9425000e+02  0.0000000e+00  0.0000000e+00
 7.9475000e+02  0.0000000e+00  0.0000000e+00
 7.9525000e+02  0.0000000e+00  0.0000000e+00
 7.9575000e+02  0.0000000e+00  0.0000000e+00
 7.9625000e+02  0.0000000e+00  0.0000000e+00
 7.9675000e+02  0.0000000e+00  0.0000000e+00
 7.9725000e+02  0.0000000e+00  0.0000000e+00
 7.9775000e+02  0.0000000e+00  0.0000000e+00
 7.9825000e+02  0.0000000e+00  0.0000000e+00
 7.9875000e+02  0.0000000e+00  0.0000000e+00
 7.9925000e+02  0.0000000e+00  0.0000000e+00
 7.9975000e+02  0.0000000e+00  0.0000000e+00
 8.0025000e+02  0.0000000e+00  0.0000000e+00
 8.0075000e+02  0.0000000e+00  0.0000000e+00
 8.0125000e+02  0.0000000e+00  0.0000000e+00
 8.0175000e+02  0.0000000e+00  0.0000000e+00
 8.0225000e+02  0.0000000e+00  0.0000000e+00
 8.0275000e+02  0.0000000e+00  0.0000000e+00
 8.0325000e+02  0.0000000e+00  0.0000000e+00
 8.0375000e+02  0.0000000e+00  0.0000000e+00
 8.0425000e+02  0.0000000e+00  0.0000000e+00
 8.0475000e+02  0.0000000e+00  0.0000000e+00
 8.0525000e+02  0.0000000e+00  0.0000000e+00
 8.0575000e+02  0.0000000e+00  0.0000000e+00
 8.0625000e+02  0.0000000e+00  0.0000000e+00
 8.0675000e+02  0.0000000e+00  0.0000000e+00
 8.0725000e+02  0.0000000e+00  0.0000000e+00
 8.0775000e+02  0.0000000e+00  0.0000000e+00
 8.0825000e+02  0.0000000e+00  0.0000000e+00
 8.0875000e+02  0.0000000e+00  0.0000000e+00
 8.0925000e+02  0.0000000e+00  0.0000000e+00
 8.0975000e+02  0.0000000e+00  0.0000000e+00
 8.1025000e+02  0.0000000e+00  0.0000000e+00
 8.1075000e+02  0.0000000e+00  0.0000000e+00
 8.1125000e+02  0.0000000e+00  0.0000000e+00
 8.1175000e+02  0.0000000e+00  0.0000000e+00
 8.1225000e+02  0.0000000e+00  0.0000000e+00
 8.1275000e+02  0.0000000e+00  0.0000000e+00
 8.1325000e+02  0.0000000e+00  0.0000000e+00
 8.1375000e+02  0.0000000e+00  0.0000000e+00
 8.1425000e+02  0.0000000e+00  0.0000000e+00
 8.1475000e+02  0.0000000e+00  0.0000000e+00
 8.1525000e+02  0.0000000e+00  0.0000000e+00
 8.1575000e+02  0.0000000e+00  0.0000000e+00
 8.1625000e+02  0.0000000e+00  0.0000000e+00
 8.1675000e+02  0.0000000e+00  0.0000000e+00
 8.1725000e+02  0.0000000e+00  0.0000000e+00
 8.1775000e+02  0.0000000e+00  0.0000000e+00
 8.1825000e+02  0.0000000e+00  0.0000000e+00
 8.1875000e+02  0.0000000e+00  0.0000000e+00
 8.1925000e+02  0.0000000e+00  0.0000000e+00
 8.1975000e+02  0.0000000e+00  0.0000000e+00
 8.2025000e+02  0.0000000e+00  0.0000000e+00
 8.2075000e+02  0.0000000e+00  0.0000000e+00
 8.2125000e+02  0.0000000e+00  0.0000000e+00
 8.2175000e+02  0.0000000e+00  0.0000000e+00
 8.2225000e+02  0.0000000e+00  0.0000000e+00
 8.2275000e+02  0.0000000e+00  0.0000000e+00
 8.2325000e+02  0.0000000e+00  0.0000000e+00
 8.2375000e+02  0.0000000e+00  0.0000000e+00
 8.2425000e+02  0.0000000e+00  0.0000000e+00
 8.2475000e+02  0.0000000e+00  0.0000000e+00
 8.2525000e+02  0.0000000e+00  0.0000000e+00
 8.2575000e+02  0.0000000e+00  0.0000000e+00
 8.2625000e+02  0.0000000e+00  0.0000000e+00
 8.2675000e+02  0.0000000e+00  0.0000000e+00
 8.2725000e+02  0.0000000e+00  0.0000000e+00
 8.2775000e+02  0.0000000e+00  0.0000000e+00
 8.2825000e+02  0.0000000e+00  0.0000000e+00
 8.2875000e+02  0.0000000e+00  0.0000000e+00
 8.2925000e+02  0.0000000e+00  0.0000000e+00
 8.2975000e+02  0.0000000e+00  0.0000000e+00
 8.3025000e+02  0.0000000e+00  0.0000000e+00
 8.3075000e+02  0.0000000e+00  0.0000000e+00
 8.3125000e+02  0.0000000e+00  0.0000000e+00
 8.3175000e+02  0.0000000e+00  0.0000000e+00
 8.3225000e+02  0.0000000e+00  0.0000000e+00
 8.3275000e+02  0.0000000e+00  0.0000000e+00
 8.3325000e+02  0.0000000e+00  0.0000000e+00
 8.3375000e+02  0.0000000e+00  0.0000000e+00
 8.3425000e+02  0.0000000e+00  0.0000000e+00
 8.3475000e+02  0.0000000e+00  0.0000000e+00
 8.3525000e+02  0.0000000e+00  0.0000000e+00
 8.3575000e+02  0.0000000e+00  0.0000000e+00
 8.3625000e+02  0.0000000e+00  0.0000000e+00
 8.3675000e+02  0.0000000e+00  0.0000000e+00
 8.3725000e+02  0.0000000e+00  0.0000000e+00
 8.3775000e+02  0.0000000e+00  0.0000000e+00
 8.3825000e+02  0.0000000e+00  0.0000000e+00
 8.3875000e+02  0.0000000e+00  0.0000000e+00
 8.3925000e+02  0.0000000e+00  0.0000000e+00
 8.3975000e+02  0.0000000e+00  0.0000000e+00
 8.4025000e+02  0.0000000e+00  0.0000000e+00
 8.4075000e+02  0.0000000e+00  0.0000000e+00
 8.4125000e+02  0.0000000e+00  0.0000000e+00
 8.4175000e+02  0.0000000e+00  0.0000000e+00
 8.4225000e+02  0.0000000e+00  0.0000000e+00
 8.4275000e+02  0.0000000e+00  0.0000000e+00
 8.4325000e+02  0.0000000e+00  0.0000000e+00
 8.4375000e+02  0.0000000e+00  0.0000000e+00
 8.4425000e+02  0.0000000e+00  0.0000000e+00
 8.4475000e+02  0.0000000e+00  0.0000000e+00
 8.4525000e+02  0.0000000e+00  0.0000000e+00
 8.4575000e+02  0.0000000e+00  0.0000000e+00
 8.4625000e+02  0.0000000e+00  0.0000000e+00
 8.4675000e+02  0.0000000e+00  0.0000000e+00
 8.4725000e+02  0.0000000e+00  0.0000000e+00
 8.4775000e+02  0.0000000e+00  0.0000000e+00
 8.4825000e+02  0.0000000e+00  0.0000000e+00
 8.4875000e+02  0.0000000e+00  0.0000000e+00
 8.4925000e+02  0.0000000e+00  0.0000000e+00
 8.4975000e+02  0.0000000e+00  0.0000000e+00
 8.5025000e+02  0.0000000e+00  0.0000000e+00
 8.5075000e+02  0.0000000e+00  0.0000000e+00
 8.5125000e+02  0.0000000e+00  0.0000000e+00
 8.5175000e+02  0.0000000e+00  0.0000000e+00
 8.5225000e+02  0.0000000e+00  0.0000000e+00
 8.5275000e+02  0.0000000e+00  0.0000000e+00
 8.5325000e+02  0.0000000e+00  0.0000000e+00
 8.5375000e+02  0.0000000e+00  0.0000000e+00
 8.5425000e+02  0.0000000e+00  0.0000000e+00
 8.5475000e+02  0.0000000e+00  0.0000000e+00
 8.5525000e+02  0.0000000e+00  0.0000000e+00
 8.5575000e+02  0.0000000e+00  0.0000000e+00
 8.5625000e+02  0.0000000e+00  0.0000000e+00
 8.5675000e+02  0.0000000e+00  0.0000000e+00
 8.5725000e+02  0.0000000e+00  0.0000000e+00
 8.5775000e+02  0.0000000e+00  0.0000000e+00
 8.5825000e+02  0.0000000e+00  0.0000000e+00
 8.5875000e+02  0.0000000e+00  0.0000000e+00
 8.5925000e+02  0.0000000e+00  0.0000000e+00
 8.5975000e+02  0.0000000e+00  0.0000000e+00
 8.6025000e+02  0.0000000e+00  0.0000000e+00
 8.6075000e+02  0.0000000e+00  0.0000000e+00
 8.6125000e+02  0.0000000e+00  0.0000000e+00
 8.6175000e+02  0.0000000e+00  0.0000000e+00
 8.6225000e+02  0.0000000e+00  0.0000000e+00
 8.6275000e+02  0.0000000e+00  0.0000000e+00
 8.6325000e+02  0.0000000e+00  0.0000000e+00
 8.6375000e+02  0.0000000e+00  0.0000000e+00
 8.6425000e+02  0.0000000e+00  0.0000000e+00
 8.6475000e+02  0.0000000e+00  0.0000000e+00
 8.6525000e+02  0.0000000e+00  0.0000000e+00
 8.6575000e+02  0.0000000e+00  0.0000000e+00
 8.6625000e+02  0.0000000e+00  0.0000000e+00
 8.6675000e+02  0.0000000e+00  0.0000000e+00
 8.6725000e+02  0.0000000e+00  0.0000000e+00
 8.6775000e+02  0.0000000e+00  0.0000000e+00
 8.6825000e+02  0.0000000e+00  0.0000000e+00
 8.6875000e+02  0.0000000e+00  0.0000000e+00
 8.6925000e+02  0.0000000e+00  0.0000000e+00
 8.6975000e+02  0.0000000e+00  0.0000000e+00
 8.7025000e+02  0.0000000e+00  0.0000000e+00
 8.7075000e+02  0.0000000e+00  0.0000000e+00
 8.7125000e+02  0.0000000e+00  0.0000000e+00
 8.7175000e+02  0.0000000e+00  0.0000000e+00
 8.7225000e+02  0.0000000e+00  0.0000000e+00
 8.7275000e+02  0.0000000e+00  0.0000000e+00
 8.7325000e+02  0.0000000e+00  0.0000000e+00
 8.7375000e+02  0.0000000e+00  0.0000000e+00
 8.7425000e+02  0.0000000e+00  0.0000000e+00
 8.7475000e+02  0.0000000e+00  0.0000000e+00
 8.7525000e+02  0.0000000e+00  0.0000000e+00
 8.7575000e+02  0.0000000e+00  0.0000000e+00
 8.7625000e+02  0.0000000e+00  0.0000000e+00
 8.7675000e+02  0.0000000e+00  0.0000000e+00
 8.7725000e+02  0.0000000e+00  0.0000000e+00
 8.7775000e+02  0.0000000e+00  0.0000000e+00
 8.7825000e+02  0.0000000e+00  0.0000000e+00
 8.7875000e+02  0.0000000e+00  0.0000000e+00
 8.7925000e+02  0.0000000e+00  0.0000000e+00
 8.7975000e+02  0.0000000e+00  0.0000000e+00
 8.8025000e+02  0.0000000e+00  0.0000000e+00
 8.8075000e+02  0.0000000e+00  0.0000000e+00
 8.8125000e+02  0.0000000e+00  0.0000000e+00
 8.8175000e+02  0.0000000e+00  0.0000000e+00
 8.8225000e+02  0.0000000e+00  0.0000000e+00
 8.8275000e+02  0.0000000e+00  0.0000000e+00
 8.8325000e+02  0.0000000e+00  0.0000000e+00
 8.8375000e+02  0.0000000e+00  0.0000000e+00
 8.8425000e+02  0.0000000e+00  0.0000000e+00
 8.8475000e+02  0.0000000e+00  0.0000000e+00
 8.8525000e+02  0.0000000e+00  0.0000000e+00
 8.8575000e+02  0.0000000e+00  0.0000000e+00
 8.8625000e+02  0.0000000e+00  0.0000000e+00
 8.8675000e+02  0.0000000e+00  0.0000000e+00
 8.8725000e+02  0.0000000e+00  0.0000000e+00
 8.8775000e+02  0.0000000e+00  0.0000000e+00
 8.8825000e+02  0.0000000e+00  0.0000000e+00
 8.8875000e+02  0.0000000e+00  0.0000000e+00
 8.8925000e+02  0.0000000e+00  0.0000000e+00
 8.8975000e+02  0.0000000e+00  0.0000000e+00
 8.9025000e+02  0.0000000e+00  0.0000000e+00
 8.9075000e+02  0.0000000e+00  0.0000000e+00
 8.9125000e+02  0.0000000e+00  0.0000000e+00
 8.9175000e+02  0.0000000e+00  0.0000000e+00
 8.9225000e+02  0.0000000e+00  0.0000000e+00
 8.9275000e+02  0.0000000e+00  0.0000000e+00
 8.9325000e+02  0.0000000e+00  0.0000000e+00
 8.9375000e+02  0.0000000e+00  0.0000000e+00
 8.9425000e+02  0.0000000e+00  0.0000000e+00
 8.9475000e+02  0.0000000e+00  0.0000000e+00
 8.9525000e+02  0.0000000e+00  0.0000000e+00
 8.9575000e+02  0.0000000e+00  0.0000000e+00
 8.9625000e+02  0.0000000e+00  0.0000000e+00
 8.9675000e+02  0.0000000e+00  0.0000000e+00
 8.9725000e+02  0.0000000e+00  0.0000000e+00
 8.9775000e+02  0.0000000e+00  0.0000000e+00
 8.9825000e+02  0.0000000e+00  0.0000000e+00
 8.9875000e+02  0.0000000e+00  0.0000000e+00
 8.9925000e+02  0.0000000e+00  0.0000000e+00
 8.9975000e+02  0.0000000e+00  0.0000000e+00
 9.0025000e+02  0.0000000e+00  0.0000000e+00
 9.0075000e+02  0.0000000e+00  0.0000000e+00
 9.0125000e+02  0.0000000e+00  0.0000000e+00
 9.0175000e+02  0.0000000e+00  0.0000000e+00
 9.0225000e+02  0.0000000e+00  0.0000000e+00
 9.0275000e+02  0.0000000e+00  0.0000000e+00
 9.0325000e+02  0.0000000e+00  0.0000000e+00
 9.0375000e+02  0.0000000e+00  0.0000000e+00
 9.0425000e+02  0.0000000e+00  0.0000000e+00
 9.0475000e+02  0.0000000e+00  0.0000000e+00
 9.0525000e+02  0.0000000e+00  0.0000000e+00
 9.0575000e+02  0.0000000e+00  0.0000000e+00
 9.0625000e+02  0.0000000e+00  0.0000000e+00
 9.0675000e+02  0.0000000e+00  0.0000000e+00
 9.0725000e+02  0.0000000e+00  0.0000000e+00
 9.0775000e+02  0.0000000e+00  0.0000000e+00
 9.0825000e+02  0.0000000e+00  0.0000000e+00
 9.0875000e+02  0.0000000e+00  0.0000000e+00
 9.0925000e+02  0.0000000e+00  0.0000000e+00
 9.0975000e+02  0.0000000e+00  0.0000000e+00
 9.1025000e+02  0.0000000e+00  0.0000000e+00
 9.1075000e+02  0.0000000e+00  0.0000000e+00
 9.1125000e+02  0.0000000e+00  0.0000000e+00
 9.1175000e+02  0.0000000e+00  0.0000000e+00
 9.1225000e+02  0.0000000e+00  0.0000000e+00
 9.1275000e+02  0.0000000e+00  0.0000000e+00
 9.1325000e+02  0.0000000e+00  0.0000000e+00
 9.1375000e+02  0.0000000e+00  0.0000000e+00
 9.1425000e+02  0.0000000e+00  0.0000000e+00
 9.1475000e+02  0.0000000e+00  0.0000000e+00
 9.1525000e+02  0.0000000e+00  0.0000000e+00
 9.1575000e+02  0.0000000e+00  0.0000000e+00
 9.1625000e+02  0.0000000e+00  0.0000000e+00
 9.1675000e+02  0.0000000e+00  0.0000000e+00
 9.1725000e+02  0.0000000e+00  0.0000000e+00
 9.1775000e+02  0.0000000e+00  0.0000000e+00
 9.1825000e+02  0.0000000e+00  0.0000000e+00
 9.1875000e+02  0.0000000e+00  0.0000000e+00
 9.1925000e+02  0.0000000e+00  0.0000000e+00
 9.1975000e+02  0.0000000e+00  0.0000000e+00
 9.2025000e+02  0.0000000e+00  0.0000000e+00
 9.2075000e+02  0.0000000e+00  0.0000000e+00
 9.2125000e+02  0.0000000e+00  0.0000000e+00
 9.2175000e+02  0.0000000e+00  0.0000000e+00
 9.2225000e+02  0.0000000e+00  0.0000000e+00
 9.2275000e+02  0.0000000e+00  0.0000000e+00
 9.2325000e+02  0.0000000e+00  0.0000000e+00
 9.2375000e+02  0.0000000e+00  0.0000000e+00
 9.2425000e+02  0.0000000e+00  0.0000000e+00
 9.2475000e+02  0.0000000e+00  0.0000000e+00
 9.2525000e+02  0.0000000e+00  0.0000000e+00
 9.2575000e+02  0.0000000e+00  0.0000000e+00
 9.2625000e+02  0.0000000e+00  0.0000000e+00
 9.2675000e+02  0.0000000e+00  0.0000000e+00
 9.2725000e+02  0.0000000e+00  0.0000000e+00
 9.2775000e+02  0.0000000e+00  0.0000000e+00
 9.2825000e+02  0.0000000e+00  0.0000000e+00
 9.2875000e+02  0.0000000e+00  0.0000000e+00
 9.2925000e+02  0.0000000e+00  0.0000000e+00
 9.2975000e+02  0.0000000e+00  0.0000000e+00
 9.3025000e+02  0.0000000e+00  0.0000000e+00
 9.3075000e+02  0.0000000e+00  0.0000000e+00
 9.3125000e+02  0.0000000e+00  0.0000000e+00
 9.3175000e+02  0.0000000e+00  0.0000000e+00
 9.3225000e+02  0.0000000e+00  0.0000000e+00
 9.3275000e+02  0.0000000e+00  0.0000000e+00
 9.3325000e+02  0.0000000e+00  0.0000000e+00
 9.3375000e+02  0.0000000e+00  0.0000000e+00
 9.3425000e+02  0.0000000e+00  0.0000000e+00
 9.3475000e+02  0.0000000e+00  0.0000000e+00
 9.3525000e+02  0.0000000e+00  0.0000000e+00
 9.3575000e+02  0.0000000e+00  0.0000000e+00
 9.3625000e+02  0.0000000e+00  0.0000000e+00
 9.3675000e+02  0.0000000e+00  0.0000000e+00
 9.3725000e+02  0.0000000e+00  0.0000000e+00
 9.3775000e+02  0.0000000e+00  0.0000000e+00
 9.3825000e+02  0.0000000e+00  0.0000000e+00
 9.3875000e+02  0.0000000e+00  0.0000000e+00
 9.3925000e+02  0.0000000e+00  0.0000000e+00
 9.3975000e+02  0.0000000e+00  0.0000000e+00
 9.4025000e+02  0.0000000e+00  0.0000000e+00
 9.4075000e+02  0.0000000e+00  0.0000000e+00
 9.4125000e+02  0.0000000e+00  0.0000000e+00
 9.4175000e+02  0.0000000e+00  0.0000000e+00
 9.4225000e+02  0.0000000e+00  0.0000000e+00
 9.4275000e+02  0.0000000e+00  0.0000000e+00
 9.4325000e+02  0.0000000e+00  0.0000000e+00
 9.4375000e+02  0.0000000e+00  0.0000000e+00
 9.4425000e+02  0.0000000e+00  0.0000000e+00
 9.4475000e+02  0.0000000e+00  0.0000000e+00
 9.4525000e+02  0.0000000e+00  0.0000000e+00
 9.4575000e+02  0.0000000e+00  0.0000000e+00
 9.4625000e+02  0.0000000e+00  0.0000000e+00
 9.4675000e+02  0.0000000e+00  0.0000000e+00
 9.4725000e+02  0.0000000e+00  0.0000000e+00
 9.4775000e+02  0.0000000e+00  0.0000000e+00
 9.4825000e+02  0.0000000e+00  0.0000000e+00
 9.4875000e+02  0.0000000e+00  0.0000000e+00
 9.4925000e+02  0.0000000e+00  0.0000000e+00
 9.4975000e+02  0.0000000e+00  0.0000000e+00
 9.5025000e+02  0.0000000e+00  0.0000000e+00
 9.5075000e+02  0.0000000e+00  0.0000000e+00
 9.5125000e+02  0.0000000e+00  0.0000000e+00
 9.5175000e+02  0.0000000e+00  0.0000000e+00
 9.5225000e+02  0.0000000e+00  0.0000000e+00
 9.5275000e+02  0.0000000e+00  0.0000000e+00
 9.5325000e+02  0.0000000e+00  0.0000000e+00
 9.5375000e+02  0.0000000e+00  0.0000000e+00
 9.5425000e+02  0.0000000e+00  0.0000000e+00
 9.5475000e+02  0.0000000e+00  0.0000000e+00
 9.5525000e+02  0.0000000e+00  0.0000000e+00
 9.5575000e+02  0.0000000e+00  0.0000000e+00
 9.5625000e+02  0.0000000e+00  0.0000000e+00
 9.5675000e+02  0.0000000e+00  0.0000000e+00
 9.5725000e+02  0.0000000e+00  0.0000000e+00
 9.5775000e+02  0.0000000e+00  0.0000000e+00
 9.5825000e+02  0.0000000e+00  0.0000000e+00
 9.5875000e+02  0.0000000e+00  0.0000000e+00
 9.5925000e+02  0.0000000e+00  0.0000000e+00
 9.5975000e+02  0.0000000e+00  0.0000000e+00
 9.6025000e+02  0.0000000e+00  0.0000000e+00
 9.6075000e+02  0.0000000e+00  0.0000000e+00
 9.6125000e+02  0.0000000e+00  0.0000000e+00
 9.6175000e+02  0.0000000e+00  0.0000000e+00
 9.6225000e+02  0.0000000e+00  0.0000000e+00
 9.6275000e+02  0.0000000e+00  0.0000000e+00
 9.6325000e+02  0.0000000e+00  0.0000000e+00
 9.6375000e+02  0.0000000e+00  0.0000000e+00
 9.6425000e+02  0.0000000e+00  0.0000000e+00
 9.6475000e+02  0.0000000e+00  0.0000000e+00
 9.6525000e+02  0.0000000e+00  0.0000000e+00
 9.6575000e+02  0.0000000e+00  0.0000000e+00
 9.6625000e+02  0.0000000e+00  0.0000000e+00
 9.6675000e+02  0.0000000e+00  0.0000000e+00
 9.6725000e+02  0.0000000e+00  0.0000000e+00
 9.6775000e+02  0.0000000e+00  0.0000000e+00
 9.6825000e+02  0.0000000e+00  0.0000000e+00
 9.6875000e+02  0.0000000e+00  0.0000000e+00
 9.6925000e+02  0.0000000e+00  0.0000000e+00
 9.6975000e+02  0.0000000e+00  0.0000000e+00
 9.7025000e+02  0.0000000e+00  0.0000000e+00
 9.7075000e+02  0.0000000e+00  0.0000000e+00
 9.7125000e+02  0.0000000e+00  0.0000000e+00
 9.7175000e+02  0.0000000e+00  0.0000000e+00
 9.7225000e+02  0.0000000e+00  0.0000000e+00
 9.7275000e+02  0.0000000e+00  0.0000000e+00
 9.7325000e+02  0.0000000e+00  0.0000000e+00
 9.7375000e+02  0.0000000e+00  0.0000000e+00
 9.7425000e+02  0.0000000e+00  0.0000000e+00
 9.7475000e+02  0.0000000e+00  0.0000000e+00
 9.7525000e+02  0.0000000e+00  0.0000000e+00
 9.7575000e+02  0.0000000e+00  0.0000000e+00
 9.7625000e+02  0.0000000e+00  0.0000000e+00
 9.7675000e+02  0.0000000e+00  0.0000000e+00
 9.7725000e+02  0.0000000e+00  0.0000000e+00
 9.7775000e+02  0.0000000e+00  0.0000000e+00
 9.7825000e+02  0.0000000e+00  0.0000000e+00
 9.7875000e+02  0.0000000e+00  0.0000000e+00
 9.7925000e+02  0.0000000e+00  0.0000000e+00
 9.7975000e+02  0.0000000e+00  0.0000000e+00
 9.8025000e+02  0.0000000e+00  0.0000000e+00
 9.8075000e+02  0.0000000e+00  0.0000000e+00
 9.8125000e+02  0.0000000e+00  0.0000000e+00
 9.8175000e+02  0.0000000e+00  0.0000000e+00
 9.8225000e+02  0.0000000e+00  0.0000000e+00
 9.8275000e+02  0.0000000e+00  0.0000000e+00
 9.8325000e+02  0.0000000e+00  0.0000000e+00
 9.8375000e+02  0.0000000e+00  0.0000000e+00
 9.8425000e+02  0.0000000e+00  0.0000000e+00
 9.8475000e+02  0.0000000e+00  0.0000000e+00
 9.8525000e+02  0.0000000e+00  0.0000000e+00
 9.8575000e+02  0.0000000e+00  0.0000000e+00
 9.8625000e+02  0.0000000e+00  0.0000000e+00
 9.8675000e+02  0.0000000e+00  0.0000000e+00
 9.8725000e+02  0.0000000e+00  0.0000000e+00
 9.8775000e+02  0.0000000e+00  0.0000000e+00
 9.8825000e+02  0.0000000e+00  0.0000000e+00
 9.8875000e+02  0.0000000e+00  0.0000000e+00
 9.8925000e+02  0.0000000e+00  0.0000000e+00
 9.8975000e+02  0.0000000e+00  0.0000000e+00
 9.9025000e+02  0.0000000e+00  0.0000000e+00
 9.9075000e+02  0.0000000e+00  0.0000000e+00
 9.9125000e+02  0.0000000e+00  0.0000000e+00
 9.9175000e+02  0.0000000e+00  0.0000000e+00
 9.9225000e+02  0.0000000e+00  0.0000000e+00
 9.9275000e+02  0.0000000e+00  0.0000000e+00
 9.9325000e+02  0.0000000e+00  0.0000000e+00
 9.9375000e+02  0.0000000e+00  0.0000000e+00
 9.9425000e+02  0.0000000e+00  0.0000000e+00
 9.9475000e+02  0.0000000e+00  0.0000000e+00
 9.9525000e+02  0.0000000e+00  0.0000000e+00
 9.9575000e+02  0.0000000e+00  0.0000000e+00
 9.9625000e+02  0.0000000e+00  0.0000000e+00
 9.9675000e+02  0.0000000e+00  0.0000000e+00
 9.9725000e+02  0.0000000e+00  0.0000000e+00
 9.9775000e+02  0.0000000e+00  0.0000000e+00
 9.9825000e+02  0.0000000e+00  0.0000000e+00
 9.9875000e+02  0.0000000e+00  0.0000000e+00
 9.9925000e+02  0.0000000e+00  0.0000000e+00
 9.9975000e+02  0.0000000e+00  0.0000000e+00
 1.0002500e+03  0.0000000e+00  0.0000000e+00
 1.0007500e+03  0.0000000e+00  0.0000000e+00
 1.0012500e+03  0.0000000e+00  0.0000000e+00
 1.0017500e+03  0.0000000e+00  0.0000000e+00
 1.0022500e+03  0.0000000e+00  0.0000000e+00
 1.0027500e+03  0.0000000e+00  0.0000000e+00
 1.0032500e+03  0.0000000e+00  0.0000000e+00
 1.0037500e+03  0.0000000e+00  0.0000000e+00
 1.0042500e+03  0.0000000e+00  0.0000000e+00
 1.0047500e+03  0.0000000e+00  0.0000000e+00
 1.0052500e+03  0.0000000e+00  0.0000000e+00
 1.0057500e+03  0.0000000e+00  0.0000000e+00
 1.0062500e+03  0.0000000e+00  0.0000000e+00
 1.0067500e+03  0.0000000e+00  0.0000000e+00
 1.0072500e+03  0.0000000e+00  0.0000000e+00
 1.0077500e+03  0.0000000e+00  0.0000000e+00
 1.0082500e+03  0.0000000e+00  0.0000000e+00
 1.0087500e+03  0.0000000e+00  0.0000000e+00
 1.0092500e+03  0.0000000e+00  0.0000000e+00
 1.0097500e+03  0.0000000e+00  0.0000000e+00
 1.0102500e+03  0.0000000e+00  0.0000000e+00
 1.0107500e+03  0.0000000e+00  0.0000000e+00
 1.0112500e+03  0.0000000e+00  0.0000000e+00
 1.0117500e+03  0.0000000e+00  0.0000000e+00
 1.0122500e+03  0.0000000e+00  0.0000000e+00
 1.0127500e+03  0.0000000e+00  0.0000000e+00
 1.0132500e+03  0.0000000e+00  0.0000000e+00
 1.0137500e+03  0.0000000e+00  0.0000000e+00
 1.0142500e+03  0.0000000e+00  0.0000000e+00
 1.0147500e+03  0.0000000e+00  0.0000000e+00
 1.0152500e+03  0.0000000e+00  0.0000000e+00
 1.0157500e+03  0.0000000e+00  0.0000000e+00
 1.0162500e+03  0.0000000e+00  0.0000000e+00
 1.0167500e+03  0.0000000e+00  0.0000000e+00
 1.0172500e+03  0.0000000e+00  0.0000000e+00
 1.0177500e+03  0.0000000e+00  0.0000000e+00
 1.0182500e+03  0.0000000e+00  0.0000000e+00
 1.0187500e+03  0.0000000e+00  0.0000000e+00
 1.0192500e+03  0.0000000e+00  0.0000000e+00
 1.0197500e+03  0.0000000e+00  0.0000000e+00
 1.0202500e+03  0.0000000e+00  0.0000000e+00
 1.0207500e+03  0.0000000e+00  0.0000000e+00
 1.0212500e+03  0.0000000e+00  0.0000000e+00
 1.0217500e+03  0.0000000e+00  0.0000000e+00
 1.0222500e+03  0.0000000e+00  0.0000000e+00
 1.0227500e+03  0.0000000e+00  0.0000000e+00
 1.0232500e+03  0.0000000e+00  0.0000000e+00
 1.0237500e+03  0.0000000e+00  0.0000000e+00
 1.0242500e+03  0.0000000e+00  0.0000000e+00
 1.0247500e+03  0.0000000e+00  0.0000000e+00
 1.0252500e+03  0.0000000e+00  0.0000000e+00
 1.0257500e+03  0.0000000e+00  0.0000000e+00
 1.0262500e+03  0.0000000e+00  0.0000000e+00
 1.0267500e+03  0.0000000e+00  0.0000000e+00
 1.0272500e+03  0.0000000e+00  0.0000000e+00
 1.0277500e+03  0.0000000e+00  0.0000000e+00
 1.0282500e+03  0.0000000e+00  0.0000000e+00
 1.0287500e+03  0.0000000e+00  0.0000000e+00
 1.0292500e+03  0.0000000e+00  0.0000000e+00
 1.0297500e+03  0.0000000e+00  0.0000000e+00
 1.0302500e+03  0.0000000e+00  0.0000000e+00
 1.0307500e+03  0.0000000e+00  0.0000000e+00
 1.0312500e+03  0.0000000e+00  0.0000000e+00
 1.0317500e+03  0.0000000e+00  0.0000000e+00
 1.0322500e+03  0.0000000e+00  0.0000000e+00
 1.0327500e+03  0.0000000e+00  0.0000000e+00
 1.0332500e+03  0.0000000e+00  0.0000000e+00
 1.0337500e+03  0.0000000e+00  0.0000000e+00
 1.0342500e+03  0.0000000e+00  0.0000000e+00
 1.0347500e+03  0.0000000e+00  0.0000000e+00
 1.0352500e+03  0.0000000e+00  0.0000000e+00
 1.0357500e+03  0.0000000e+00  0.0000000e+00
 1.0362500e+03  0.0000000e+00  0.0000000e+00
 1.0367500e+03  0.0000000e+00  0.0000000e+00
 1.0372500e+03  0.0000000e+00  0.0000000e+00
 1.0377500e+03  0.0000000e+00  0.0000000e+00
 1.0382500e+03  0.0000000e+00  0.0000000e+00
 1.0387500e+03  0.0000000e+00  0.0000000e+00
 1.0392500e+03  0.0000000e+00  0.0000000e+00
 1.0397500e+03  0.0000000e+00  0.0000000e+00
 1.0402500e+03  0.0000000e+00  0.0000000e+00
 1.0407500e+03  0.0000000e+00  0.0000000e+00
 1.0412500e+03  0.0000000e+00  0.0000000e+00
 1.0417500e+03  0.0000000e+00  0.0000000e+00
 1.0422500e+03  0.0000000e+00  0.0000000e+00
 1.0427500e+03  0.0000000e+00  0.0000000e+00
 1.0432500e+03  0.0000000e+00  0.0000000e+00
 1.0437500e+03  0.0000000e+00  0.0000000e+00
 1.0442500e+03  0.0000000e+00  0.0000000e+00
 1.0447500e+03  0.0000000e+00  0.0000000e+00
 1.0452500e+03  0.0000000e+00  0.0000000e+00
 1.0457500e+03  0.0000000e+00  0.0000000e+00
 1.0462500e+03  0.0000000e+00  0.0000000e+00
 1.0467500e+03  0.0000000e+00  0.0000000e+00
 1.0472500e+03  0.0000000e+00  0.0000000e+00
 1.0477500e+03  0.0000000e+00  0.0000000e+00
 1.0482500e+03  0.0000000e+00  0.0000000e+00
 1.0487500e+03  0.0000000e+00  0.0000000e+00
 1.0492500e+03  0.0000000e+00  0.0000000e+00
 1.0497500e+03  0.0000000e+00  0.0000000e+00
 1.0502500e+03  0.0000000e+00  0.0000000e+00
 1.0507500e+03  0.0000000e+00  0.0000000e+00
 1.0512500e+03  0.0000000e+00  0.0000000e+00
 1.0517500e+03  0.0000000e+00  0.0000000e+00
 1.0522500e+03  0.0000000e+00  0.0000000e+00
 1.0527500e+03  0.0000000e+00  0.0000000e+00
 1.0532500e+03  0.0000000e+00  0.0000000e+00
 1.0537500e+03  0.0000000e+00  0.0000000e+00
 1.0542500e+03  0.0000000e+00  0.0000000e+00
 1.0547500e+03  0.0000000e+00  0.0000000e+00
 1.0552500e+03  0.0000000e+00  0.0000000e+00
 1.0557500e+03  0.0000000e+00  0.0000000e+00
 1.0562500e+03  0.0000000e+00  0.0000000e+00
 1.0567500e+03  0.0000000e+00  0.0000000e+00
 1.0572500e+03  0.0000000e+00  0.0000000e+00
 1.0577500e+03  0.0000000e+00  0.0000000e+00
 1.0582500e+03  0.0000000e+00  0.0000000e+00
 1.0587500e+03  0.0000000e+00  0.0000000e+00
 1.0592500e+03  0.0000000e+00  0.0000000e+00
 1.0597500e+03  0.0000000e+00  0.0000000e+00
 1.0602500e+03  0.0000000e+00  0.0000000e+00
 1.0607500e+03  0.0000000e+00  0.0000000e+00
 1.0612500e+03  0.0000000e+00  0.0000000e+00
 1.0617500e+03  0.0000000e+00  0.0000000e+00
 1.0622500e+03  0.0000000e+00  0.0000000e+00
 1.0627500e+03  0.0000000e+00  0.0000000e+00
 1.0632500e+03  0.0000000e+00  0.0000000e+00
 1.0637500e+03  0.0000000e+00  0.0000000e+00
 1.0642500e+03  0.0000000e+00  0.0000000e+00
 1.0647500e+03  0.0000000e+00  0.0000000e+00
 1.0652500e+03  0.0000000e+00  0.0000000e+00
 1.0657500e+03  0.0000000e+00  0.0000000e+00
 1.0662500e+03  0.0000000e+00  0.0000000e+00
 1.0667500e+03  0.0000000e+00  0.0000000e+00
 1.0672500e+03  0.0000000e+00  0.0000000e+00
 1.0677500e+03  0.0000000e+00  0.0000000e+00
 1.0682500e+03  0.0000000e+00  0.0000000e+00
 1.0687500e+03  0.0000000e+00  0.0000000e+00
 1.0692500e+03  0.0000000e+00  0.0000000e+00
 1.0697500e+03  0.0000000e+00  0.0000000e+00
 1.0702500e+03  0.0000000e+00  0.0000000e+00
 1.0707500e+03  0.0000000e+00  0.0000000e+00
 1.0712500e+03  0.0000000e+00  0.0000000e+00
 1.0717500e+03  0.0000000e+00  0.0000000e+00
 1.0722500e+03  0.0000000e+00  0.0000000e+00
 1.0727500e+03  0.0000000e+00  0.0000000e+00
 1.0732500e+03  0.0000000e+00  0.0000000e+00
 1.0737500e+03  0.0000000e+00  0.0000000e+00
 1.0742500e+03  0.0000000e+00  0.0000000e+00
 1.0747500e+03  0.0000000e+00  0.0000000e+00
 1.0752500e+03  0.0000000e+00  0.0000000e+00
 1.0757500e+03  0.0000000e+00  0.0000000e+00
 1.0762500e+03  0.0000000e+00  0.0000000e+00
 1.0767500e+03  0.0000000e+00  0.0000000e+00
 1.0772500e+03  0.0000000e+00  0.0000000e+00
 1.0777500e+03  0.0000000e+00  0.0000000e+00
 1.0782500e+03  0.0000000e+00  0.0000000e+00
 1.0787500e+03  0.0000000e+00  0.0000000e+00
 1.0792500e+03  0.0000000e+00  0.0000000e+00
 1.0797500e+03  0.0000000e+00  0.0000000e+00
 1.0802500e+03  0.0000000e+00  0.0000000e+00
 1.0807500e+03  0.0000000e+00  0.0000000e+00
 1.0812500e+03  0.0000000e+00  0.0000000e+00
 1.0817500e+03  0.0000000e+00  0.0000000e+00
 1.0822500e+03  0.0000000e+00  0.0000000e+00
 1.0827500e+03  0.0000000e+00  0.0000000e+00
 1.0832500e+03  0.0000000e+00  0.0000000e+00
 1.0837500e+03  0.0000000e+00  0.0000000e+00
 1.0842500e+03  0.0000000e+00  0.0000000e+00
 1.0847500e+03  0.0000000e+00  0.0000000e+00
 1.0852500e+03  0.0000000e+00  0.0000000e+00
 1.0857500e+03  0.0000000e+00  0.0000000e+00
 1.0862500e+03  0.0000000e+00  0.0000000e+00
 1.0867500e+03  0.0000000e+00  0.0000000e+00
 1.0872500e+03  0.0000000e+00  0.0000000e+00
 1.0877500e+03  0.0000000e+00  0.0000000e+00
 1.0882500e+03  0.0000000e+00  0.0000000e+00
 1.0887500e+03  0.0000000e+00  0.0000000e+00
 1.0892500e+03  0.0000000e+00  0.0000000e+00
 1.0897500e+03  0.0000000e+00  0.0000000e+00
 1.0902500e+03  0.0000000e+00  0.0000000e+00
 1.0907500e+03  0.0000000e+00  0.0000000e+00
 1.0912500e+03  0.0000000e+00  0.0000000e+00
 1.0917500e+03  0.0000000e+00  0.0000000e+00
 1.0922500e+03  0.0000000e+00  0.0000000e+00
 1.0927500e+03  0.0000000e+00  0.0000000e+00
 1.0932500e+03  0.0000000e+00  0.0000000e+00
 1.0937500e+03  0.0000000e+00  0.0000000e+00
 1.0942500e+03  0.0000000e+00  0.0000000e+00
 1.0947500e+03  0.0000000e+00  0.0000000e+00
 1.0952500e+03  0.0000000e+00  0.0000000e+00
 1.0957500e+03  0.0000000e+00  0.0000000e+00
 1.0962500e+03  0.0000000e+00  0.0000000e+00
 1.0967500e+03  0.0000000e+00  0.0000000e+00
 1.0972500e+03  0.0000000e+00  0.0000000e+00
 1.0977500e+03  0.0000000e+00  0.0000000e+00
 1.0982500e+03  0.0000000e+00  0.0000000e+00
 1.0987500e+03  0.0000000e+00  0.0000000e+00
 1.0992500e+03  0.0000000e+00  0.0000000e+00
 1.0997500e+03  0.0000000e+00  0.0000000e+00
